{
  "type": "FeatureCollection",
  "features": [
    {
      "type": "Feature",
      "geometry": {
        "type": "Point",
        "coordinates": [
          14.3963181,
          42.2306455
        ]
      },
      "properties": {
        "nome": "ABRUZZO",
        "indirizzo": "VIA DEL MARE 1",
        "citta": "LANCIANO",
        "cap": "66034",
        "telefono": "",
        "email": "",
        "web": ""
      }
    },
    {
      "type": "Feature",
      "geometry": {
        "type": "Point",
        "coordinates": [
          10.4324775,
          45.1624997
        ]
      },
      "properties": {
        "nome": "ACQUANEGRA SUL CHIESE",
        "indirizzo": "VIA CANNETI 79",
        "citta": "ACQUANEGRA SUL CHIESE",
        "cap": "46011",
        "telefono": "",
        "email": "",
        "web": ""
      }
    },
    {
      "type": "Feature",
      "geometry": {
        "type": "Point",
        "coordinates": [
          8.4656274,
          44.6733211
        ]
      },
      "properties": {
        "nome": "ACQUI TERME",
        "indirizzo": "VIA CASAGRANDE 9",
        "citta": "ACQUI TERME",
        "cap": "15011",
        "telefono": "",
        "email": "",
        "web": ""
      }
    },
    {
      "type": "Feature",
      "geometry": {
        "type": "Point",
        "coordinates": [
          9.9636922,
          45.6228185
        ]
      },
      "properties": {
        "nome": "ADRO E TORBIATO",
        "indirizzo": "VIA CAIROLI 29",
        "citta": "ADRO",
        "cap": "25030",
        "telefono": "",
        "email": "",
        "web": ""
      }
    },
    {
      "type": "Feature",
      "geometry": {
        "type": "Point",
        "coordinates": [
          14.3739286,
          41.8086744
        ]
      },
      "properties": {
        "nome": "AGNONE",
        "indirizzo": "PIAZZA DANTE ALIGHIERI 47",
        "citta": "AGNONE",
        "cap": "86081",
        "telefono": "",
        "email": "",
        "web": ""
      }
    },
    {
      "type": "Feature",
      "geometry": {
        "type": "Point",
        "coordinates": [
          9.3546298,
          45.5735414
        ]
      },
      "properties": {
        "nome": "AGRATE BRIANZA-CAVENAGO",
        "indirizzo": "VIA LECCO 11 C/O POLO SANITARIO",
        "citta": "AGRATE BRIANZA",
        "cap": "20864",
        "telefono": "",
        "email": "",
        "web": ""
      }
    },
    {
      "type": "Feature",
      "geometry": {
        "type": "Point",
        "coordinates": [
          13.8506902,
          37.3581785
        ]
      },
      "properties": {
        "nome": "AGRIGENTO",
        "indirizzo": "VIA BUONARROTI 8",
        "citta": "CANICATTI",
        "cap": "92024",
        "telefono": "",
        "email": "",
        "web": ""
      }
    },
    {
      "type": "Feature",
      "geometry": {
        "type": "Point",
        "coordinates": [
          13.5799384,
          37.3167436
        ]
      },
      "properties": {
        "nome": "AGRIGENTO",
        "indirizzo": "VIA IMERA 217",
        "citta": "AGRIGENTO",
        "cap": "92100",
        "telefono": "",
        "email": "",
        "web": ""
      }
    },
    {
      "type": "Feature",
      "geometry": {
        "type": "Point",
        "coordinates": [
          7.4893491,
          44.9171106
        ]
      },
      "properties": {
        "nome": "AIRASCA",
        "indirizzo": "VIA STAZIONE 41",
        "citta": "AIRASCA",
        "cap": "10060",
        "telefono": "",
        "email": "",
        "web": ""
      }
    },
    {
      "type": "Feature",
      "geometry": {
        "type": "Point",
        "coordinates": [
          9.42904,
          45.75057
        ]
      },
      "properties": {
        "nome": "AIRUNO",
        "indirizzo": "VIALE LIBERTA' 1",
        "citta": "AIRUNO",
        "cap": "23881",
        "telefono": "",
        "email": "",
        "web": ""
      }
    },
    {
      "type": "Feature",
      "geometry": {
        "type": "Point",
        "coordinates": [
          9.768672,
          45.685557
        ]
      },
      "properties": {
        "nome": "ALBANO SANT'ALESSANDRO",
        "indirizzo": "VIA ROMA 2/A",
        "citta": "ALBANO SANT ALESSANDRO",
        "cap": "24061",
        "telefono": "",
        "email": "",
        "web": ""
      }
    },
    {
      "type": "Feature",
      "geometry": {
        "type": "Point",
        "coordinates": [
          9.7951675,
          45.7592557
        ]
      },
      "properties": {
        "nome": "ALBINO",
        "indirizzo": "VIA MAZZINI 61",
        "citta": "ALBINO",
        "cap": "24021",
        "telefono": "",
        "email": "",
        "web": ""
      }
    },
    {
      "type": "Feature",
      "geometry": {
        "type": "Point",
        "coordinates": [
          8.8007889,
          45.724553
        ]
      },
      "properties": {
        "nome": "ALBIZZATE",
        "indirizzo": "VIA XX SETTEMBRE 17",
        "citta": "ALBIZZATE",
        "cap": "21041",
        "telefono": "",
        "email": "",
        "web": ""
      }
    },
    {
      "type": "Feature",
      "geometry": {
        "type": "Point",
        "coordinates": [
          8.6163956,
          44.9055897
        ]
      },
      "properties": {
        "nome": "ALESSANDRIA",
        "indirizzo": "VIA RICCARDO WAGNER 38/D",
        "citta": "ALESSANDRIA",
        "cap": "15121",
        "telefono": "",
        "email": "",
        "web": ""
      }
    },
    {
      "type": "Feature",
      "geometry": {
        "type": "Point",
        "coordinates": [
          9.7330278,
          45.8267265
        ]
      },
      "properties": {
        "nome": "ALGUA - BRACCA - COSTA SERINA",
        "indirizzo": "VIA CHIESA 3",
        "citta": "COSTA SERINA",
        "cap": "24010",
        "telefono": "",
        "email": "",
        "web": ""
      }
    },
    {
      "type": "Feature",
      "geometry": {
        "type": "Point",
        "coordinates": [
          9.6161659,
          45.7388427
        ]
      },
      "properties": {
        "nome": "ALME'",
        "indirizzo": "VIA DON ABELE ISENI 2",
        "citta": "ALME",
        "cap": "24011",
        "telefono": "",
        "email": "",
        "web": ""
      }
    },
    {
      "type": "Feature",
      "geometry": {
        "type": "Point",
        "coordinates": [
          9.5822881,
          45.7355827
        ]
      },
      "properties": {
        "nome": "ALMENNO SAN BARTOLOMEO",
        "indirizzo": "VIA PAPA GIOVANNI XXX 53",
        "citta": "ALMENNO SAN BARTOLOMEO",
        "cap": "24030",
        "telefono": "",
        "email": "",
        "web": ""
      }
    },
    {
      "type": "Feature",
      "geometry": {
        "type": "Point",
        "coordinates": [
          9.600877,
          45.7492769
        ]
      },
      "properties": {
        "nome": "ALMENNO SAN SALVATORE",
        "indirizzo": "LARGO LEONARDO DA VINCI 3",
        "citta": "ALMENNO SAN SALVATORE",
        "cap": "24031",
        "telefono": "",
        "email": "",
        "web": ""
      }
    },
    {
      "type": "Feature",
      "geometry": {
        "type": "Point",
        "coordinates": [
          12.3120304,
          43.8744732
        ]
      },
      "properties": {
        "nome": "ALTA VAL MARECCHIA",
        "indirizzo": "VIA LIA BLATTI - VIA CAPOLUOGO 184",
        "citta": "MAIOLO",
        "cap": "47862",
        "telefono": "",
        "email": "",
        "web": ""
      }
    },
    {
      "type": "Feature",
      "geometry": {
        "type": "Point",
        "coordinates": [
          10.447994,
          46.24872
        ]
      },
      "properties": {
        "nome": "ALTA VALLE CAMONICA",
        "indirizzo": "PIAZZA VITTORIA 1",
        "citta": "VIONE",
        "cap": "25050",
        "telefono": "",
        "email": "",
        "web": ""
      }
    },
    {
      "type": "Feature",
      "geometry": {
        "type": "Point",
        "coordinates": [
          16.5527874,
          40.8253924
        ]
      },
      "properties": {
        "nome": "ALTAMURA",
        "indirizzo": "VIA PRIVATA ASTOLLA C/O NICOLA SABATO 1",
        "citta": "ALTAMURA",
        "cap": "70022",
        "telefono": "",
        "email": "",
        "web": ""
      }
    },
    {
      "type": "Feature",
      "geometry": {
        "type": "Point",
        "coordinates": [
          9.4601926,
          45.9270091
        ]
      },
      "properties": {
        "nome": "ALTOPIANO VALSASSINESE",
        "indirizzo": "PIAZZA SANTA MARIA NASCENTE 19",
        "citta": "CREMENO",
        "cap": "23814",
        "telefono": "",
        "email": "",
        "web": ""
      }
    },
    {
      "type": "Feature",
      "geometry": {
        "type": "Point",
        "coordinates": [
          9.729971,
          45.733001
        ]
      },
      "properties": {
        "nome": "ALZANO LOMBARDO",
        "indirizzo": "VIA MAZZINI 17",
        "citta": "ALZANO LOMBARDO",
        "cap": "24022",
        "telefono": "",
        "email": "",
        "web": ""
      }
    },
    {
      "type": "Feature",
      "geometry": {
        "type": "Point",
        "coordinates": [
          9.1815543,
          45.7776788
        ]
      },
      "properties": {
        "nome": "ALZATE BRIANZA",
        "indirizzo": "PIAZZA DEL FILATOIO 2",
        "citta": "ORSENIGO",
        "cap": "22030",
        "telefono": "",
        "email": "",
        "web": ""
      }
    },
    {
      "type": "Feature",
      "geometry": {
        "type": "Point",
        "coordinates": [
          9.5455722,
          45.7161102
        ]
      },
      "properties": {
        "nome": "AMBIVERE",
        "indirizzo": "VIA CESARE BATTISTI 5",
        "citta": "AMBIVERE",
        "cap": "24030",
        "telefono": "",
        "email": "",
        "web": ""
      }
    },
    {
      "type": "Feature",
      "geometry": {
        "type": "Point",
        "coordinates": [
          12.4133,
          42.55877
        ]
      },
      "properties": {
        "nome": "AMELIA",
        "indirizzo": "VIA CAVOUR 101",
        "citta": "AMELIA",
        "cap": "05022",
        "telefono": "",
        "email": "",
        "web": ""
      }
    },
    {
      "type": "Feature",
      "geometry": {
        "type": "Point",
        "coordinates": [
          13.3241696,
          43.5974796
        ]
      },
      "properties": {
        "nome": "ANCONA",
        "indirizzo": "VIA DELLA REPUBBLICA 21",
        "citta": "CHIARAVALLE",
        "cap": "60033",
        "telefono": "",
        "email": "",
        "web": ""
      }
    },
    {
      "type": "Feature",
      "geometry": {
        "type": "Point",
        "coordinates": [
          18.3803386,
          39.9889374
        ]
      },
      "properties": {
        "nome": "ANDRANO",
        "indirizzo": "VIA VITTORIO ALFIERI 4",
        "citta": "ANDRANO",
        "cap": "73032",
        "telefono": "",
        "email": "",
        "web": ""
      }
    },
    {
      "type": "Feature",
      "geometry": {
        "type": "Point",
        "coordinates": [
          16.2971278,
          41.2253219
        ]
      },
      "properties": {
        "nome": "ANDRIA",
        "indirizzo": "VIA STEFANO IANNUZZI 7",
        "citta": "ANDRIA",
        "cap": "76123",
        "telefono": "",
        "email": "",
        "web": ""
      }
    },
    {
      "type": "Feature",
      "geometry": {
        "type": "Point",
        "coordinates": [
          11.288828,
          45.216778
        ]
      },
      "properties": {
        "nome": "ANGIARI",
        "indirizzo": "VIA SANTI 165/A",
        "citta": "ANGIARI",
        "cap": "37050",
        "telefono": "",
        "email": "",
        "web": ""
      }
    },
    {
      "type": "Feature",
      "geometry": {
        "type": "Point",
        "coordinates": [
          9.3319465,
          45.8038075
        ]
      },
      "properties": {
        "nome": "ANNONE BRIANZA",
        "indirizzo": "VIA MAGGIORE 11",
        "citta": "ANNONE DI BRIANZA",
        "cap": "23841",
        "telefono": "",
        "email": "",
        "web": ""
      }
    },
    {
      "type": "Feature",
      "geometry": {
        "type": "Point",
        "coordinates": [
          9.7891122,
          45.4858965
        ]
      },
      "properties": {
        "nome": "ANTEGNATE",
        "indirizzo": "VIA IV NOVEMBRE ",
        "citta": "ANTEGNATE",
        "cap": "24051",
        "telefono": "",
        "email": "",
        "web": ""
      }
    },
    {
      "type": "Feature",
      "geometry": {
        "type": "Point",
        "coordinates": [
          9.6132818,
          45.5734722
        ]
      },
      "properties": {
        "nome": "ARCENE",
        "indirizzo": "PIAZZA DEL DONATORE AVIS AIDO ADMO 2",
        "citta": "ARCENE",
        "cap": "24040",
        "telefono": "",
        "email": "",
        "web": ""
      }
    },
    {
      "type": "Feature",
      "geometry": {
        "type": "Point",
        "coordinates": [
          12.939746,
          43.499921
        ]
      },
      "properties": {
        "nome": "ARCEVIA",
        "indirizzo": "CORSO MAZZINI 14",
        "citta": "ARCEVIA",
        "cap": "60011",
        "telefono": "",
        "email": "",
        "web": ""
      }
    },
    {
      "type": "Feature",
      "geometry": {
        "type": "Point",
        "coordinates": [
          11.288634,
          45.3566062
        ]
      },
      "properties": {
        "nome": "ARCOLE",
        "indirizzo": "VIA GARIBALDI 54",
        "citta": "ARCOLE",
        "cap": "37040",
        "telefono": "",
        "email": "",
        "web": ""
      }
    },
    {
      "type": "Feature",
      "geometry": {
        "type": "Point",
        "coordinates": [
          8.8480381,
          45.5384811
        ]
      },
      "properties": {
        "nome": "ARCONATE",
        "indirizzo": "VIA BEATA VERGINE 47",
        "citta": "ARCONATE",
        "cap": "20020",
        "telefono": "",
        "email": "",
        "web": ""
      }
    },
    {
      "type": "Feature",
      "geometry": {
        "type": "Point",
        "coordinates": [
          9.6507395,
          46.1700698
        ]
      },
      "properties": {
        "nome": "ARDENNO",
        "indirizzo": "VIA CAVOUR 7",
        "citta": "ARDENNO",
        "cap": "23011",
        "telefono": "",
        "email": "",
        "web": ""
      }
    },
    {
      "type": "Feature",
      "geometry": {
        "type": "Point",
        "coordinates": [
          8.1774961,
          45.5702781
        ]
      },
      "properties": {
        "nome": "AREA BIELLESE",
        "indirizzo": "VIA TRENTO 8",
        "citta": "COSSATO",
        "cap": "13836",
        "telefono": "",
        "email": "",
        "web": ""
      }
    },
    {
      "type": "Feature",
      "geometry": {
        "type": "Point",
        "coordinates": [
          11.9171218,
          43.3442119
        ]
      },
      "properties": {
        "nome": "AREZZO",
        "indirizzo": "VIA GIUSEPPE MAZZINI 41",
        "citta": "CASTIGLION FIORENTINO",
        "cap": "52043",
        "telefono": "",
        "email": "",
        "web": ""
      }
    },
    {
      "type": "Feature",
      "geometry": {
        "type": "Point",
        "coordinates": [
          11.8349565,
          44.6128924
        ]
      },
      "properties": {
        "nome": "ARGENTA",
        "indirizzo": "VIA NAZIONALE PONENTE 4/A",
        "citta": "ARGENTA",
        "cap": "44011",
        "telefono": "",
        "email": "",
        "web": ""
      }
    },
    {
      "type": "Feature",
      "geometry": {
        "type": "Point",
        "coordinates": [
          12.1214453,
          44.9446756
        ]
      },
      "properties": {
        "nome": "ARIANO POLESINE",
        "indirizzo": "VIA VERDI 4",
        "citta": "ARIANO POLESINE",
        "cap": "45012",
        "telefono": "",
        "email": "",
        "web": ""
      }
    },
    {
      "type": "Feature",
      "geometry": {
        "type": "Point",
        "coordinates": [
          8.9426525,
          45.5063604
        ]
      },
      "properties": {
        "nome": "ARLUNO",
        "indirizzo": "VIA MARCONI 50",
        "citta": "ARLUNO",
        "cap": "20010",
        "telefono": "",
        "email": "",
        "web": ""
      }
    },
    {
      "type": "Feature",
      "geometry": {
        "type": "Point",
        "coordinates": [
          8.5585772,
          45.7616476
        ]
      },
      "properties": {
        "nome": "ARONA",
        "indirizzo": "VIA SAN CARLO 32",
        "citta": "ARONA",
        "cap": "28041",
        "telefono": "",
        "email": "",
        "web": ""
      }
    },
    {
      "type": "Feature",
      "geometry": {
        "type": "Point",
        "coordinates": [
          10.1671662,
          45.8524598
        ]
      },
      "properties": {
        "nome": "ARTOGNE",
        "indirizzo": "VIA TRENTO 7",
        "citta": "ARTOGNE",
        "cap": "25040",
        "telefono": "",
        "email": "",
        "web": ""
      }
    },
    {
      "type": "Feature",
      "geometry": {
        "type": "Point",
        "coordinates": [
          11.3343592,
          45.5205136
        ]
      },
      "properties": {
        "nome": "ARZIGNANO",
        "indirizzo": "CORSO MAZZINI 38/A",
        "citta": "ARZIGNANO",
        "cap": "36071",
        "telefono": "",
        "email": "",
        "web": ""
      }
    },
    {
      "type": "Feature",
      "geometry": {
        "type": "Point",
        "coordinates": [
          13.8772322,
          42.949614
        ]
      },
      "properties": {
        "nome": "ASCOLI PICENO",
        "indirizzo": "VIA FILENI 1",
        "citta": "S.BENEDETTO DEL TRONTO",
        "cap": "63074",
        "telefono": "",
        "email": "",
        "web": ""
      }
    },
    {
      "type": "Feature",
      "geometry": {
        "type": "Point",
        "coordinates": [
          13.5688451,
          42.8587794
        ]
      },
      "properties": {
        "nome": "ASCOLI PICENO",
        "indirizzo": "VIA DEI CAPPUCCINI 26",
        "citta": "ASCOLI PICENO",
        "cap": "63100",
        "telefono": "",
        "email": "",
        "web": ""
      }
    },
    {
      "type": "Feature",
      "geometry": {
        "type": "Point",
        "coordinates": [
          10.4132924,
          45.2207401
        ]
      },
      "properties": {
        "nome": "ASOLA E CASALMORANO",
        "indirizzo": "VIA TURBINI 3",
        "citta": "ASOLA",
        "cap": "46041",
        "telefono": "",
        "email": "",
        "web": ""
      }
    },
    {
      "type": "Feature",
      "geometry": {
        "type": "Point",
        "coordinates": [
          9.0109824,
          39.2887994
        ]
      },
      "properties": {
        "nome": "ASSEMINI",
        "indirizzo": "VIA SARDEGNA 47",
        "citta": "ASSEMINI",
        "cap": "09032",
        "telefono": "",
        "email": "",
        "web": ""
      }
    },
    {
      "type": "Feature",
      "geometry": {
        "type": "Point",
        "coordinates": [
          12.5766826,
          43.0581274
        ]
      },
      "properties": {
        "nome": "ASSISI",
        "indirizzo": "PIAZZA MARTIN LUTER KING (SALA EX LAVATOIO) SNC",
        "citta": "ASSISI",
        "cap": "06081",
        "telefono": "",
        "email": "",
        "web": ""
      }
    },
    {
      "type": "Feature",
      "geometry": {
        "type": "Point",
        "coordinates": [
          8.2945884,
          44.7222971
        ]
      },
      "properties": {
        "nome": "ASTI",
        "indirizzo": "VIA A. ROBINO  131",
        "citta": "CANELLI",
        "cap": "14053",
        "telefono": "",
        "email": "",
        "web": ""
      }
    },
    {
      "type": "Feature",
      "geometry": {
        "type": "Point",
        "coordinates": [
          15.2197684,
          37.2462668
        ]
      },
      "properties": {
        "nome": "AUGUSTA",
        "indirizzo": "VIALE ITALIA ",
        "citta": "AUGUSTA",
        "cap": "96011",
        "telefono": "",
        "email": "",
        "web": ""
      }
    },
    {
      "type": "Feature",
      "geometry": {
        "type": "Point",
        "coordinates": [
          14.7841729,
          40.918915
        ]
      },
      "properties": {
        "nome": "AVELLINO",
        "indirizzo": "VIA PADRE ROMUALDO FORMATO SNC",
        "citta": "AVELLINO",
        "cap": "83100",
        "telefono": "",
        "email": "",
        "web": ""
      }
    },
    {
      "type": "Feature",
      "geometry": {
        "type": "Point",
        "coordinates": [
          9.629126,
          45.9876368
        ]
      },
      "properties": {
        "nome": "AVERARA",
        "indirizzo": "PIAZZA MOLINI ",
        "citta": "AVERARA",
        "cap": "24010",
        "telefono": "",
        "email": "",
        "web": ""
      }
    },
    {
      "type": "Feature",
      "geometry": {
        "type": "Point",
        "coordinates": [
          14.2062215,
          40.9795431
        ]
      },
      "properties": {
        "nome": "AVERSA",
        "indirizzo": "VIA ALFONSO I? D'ARAGONA 28",
        "citta": "AVERSA",
        "cap": "81031",
        "telefono": "",
        "email": "",
        "web": ""
      }
    },
    {
      "type": "Feature",
      "geometry": {
        "type": "Point",
        "coordinates": [
          13.4307659,
          42.0453993
        ]
      },
      "properties": {
        "nome": "AVEZZANO",
        "indirizzo": "VIA UGO LA MALFA 64",
        "citta": "AVEZZANO",
        "cap": "67051",
        "telefono": "",
        "email": "",
        "web": ""
      }
    },
    {
      "type": "Feature",
      "geometry": {
        "type": "Point",
        "coordinates": [
          15.1368003,
          36.9065293
        ]
      },
      "properties": {
        "nome": "AVOLA",
        "indirizzo": "VIA ALFIERI 8",
        "citta": "AVOLA",
        "cap": "96012",
        "telefono": "",
        "email": "",
        "web": ""
      }
    },
    {
      "type": "Feature",
      "geometry": {
        "type": "Point",
        "coordinates": [
          12.7101203,
          45.8822447
        ]
      },
      "properties": {
        "nome": "AZZANO DECIMO",
        "indirizzo": "VIA MORES DI SOTTO 74",
        "citta": "AZZANO DECIMO",
        "cap": "33082",
        "telefono": "",
        "email": "",
        "web": ""
      }
    },
    {
      "type": "Feature",
      "geometry": {
        "type": "Point",
        "coordinates": [
          9.6707044,
          45.6579963
        ]
      },
      "properties": {
        "nome": "AZZANO SAN PAOLO",
        "indirizzo": "VIA PAPA GIOVANNI XIII 15/A",
        "citta": "AZZANO SAN PAOLO",
        "cap": "24052",
        "telefono": "",
        "email": "",
        "web": ""
      }
    },
    {
      "type": "Feature",
      "geometry": {
        "type": "Point",
        "coordinates": [
          9.649744,
          45.7420649
        ]
      },
      "properties": {
        "nome": "AZZONICA - SORISOLE",
        "indirizzo": "VIA DEGLI ASSONICA 30",
        "citta": "SORISOLE",
        "cap": "24010",
        "telefono": "",
        "email": "",
        "web": ""
      }
    },
    {
      "type": "Feature",
      "geometry": {
        "type": "Point",
        "coordinates": [
          11.4873939,
          45.1004478
        ]
      },
      "properties": {
        "nome": "BADIA POLESINE",
        "indirizzo": "VIA FRATELLI ROSSELLI 83",
        "citta": "BADIA POLESINE",
        "cap": "45021",
        "telefono": "",
        "email": "",
        "web": ""
      }
    },
    {
      "type": "Feature",
      "geometry": {
        "type": "Point",
        "coordinates": [
          9.746733,
          45.654982
        ]
      },
      "properties": {
        "nome": "BAGNATICA",
        "indirizzo": "VIA GAVAZZENI BAGNATICA ",
        "citta": "BAGNATICA",
        "cap": "24060",
        "telefono": "",
        "email": "",
        "web": ""
      }
    },
    {
      "type": "Feature",
      "geometry": {
        "type": "Point",
        "coordinates": [
          7.3158483,
          44.7621229
        ]
      },
      "properties": {
        "nome": "BAGNOLO BARGE E VALLE PO",
        "indirizzo": "CORSO VITTORIO EMANUELE III 32",
        "citta": "BAGNOLO PIEMONTE",
        "cap": "12031",
        "telefono": "",
        "email": "",
        "web": ""
      }
    },
    {
      "type": "Feature",
      "geometry": {
        "type": "Point",
        "coordinates": [
          11.5018033,
          45.0168663
        ]
      },
      "properties": {
        "nome": "BAGNOLO DI PO ",
        "indirizzo": "VIA DEL DONATORE 35",
        "citta": "BAGNOLO DI PO",
        "cap": "45022",
        "telefono": "",
        "email": "",
        "web": ""
      }
    },
    {
      "type": "Feature",
      "geometry": {
        "type": "Point",
        "coordinates": [
          9.4223082,
          45.9008558
        ]
      },
      "properties": {
        "nome": "BALLABIO",
        "indirizzo": "VIA UGO BARTESAGHI ",
        "citta": "BALLABIO",
        "cap": "23811",
        "telefono": "",
        "email": "",
        "web": ""
      }
    },
    {
      "type": "Feature",
      "geometry": {
        "type": "Point",
        "coordinates": [
          10.7212111,
          45.5476902
        ]
      },
      "properties": {
        "nome": "BARDOLINO",
        "indirizzo": "PIAZZA MATTEOTTI 1",
        "citta": "BARDOLINO",
        "cap": "37011",
        "telefono": "",
        "email": "",
        "web": ""
      }
    },
    {
      "type": "Feature",
      "geometry": {
        "type": "Point",
        "coordinates": [
          16.8618499,
          41.1120624
        ]
      },
      "properties": {
        "nome": "BARI",
        "indirizzo": "C/O OSPEDALE CONSORZ. POLICL. VOLONT. PIAZZA GIULIO CESARE 1",
        "citta": "BARI",
        "cap": "70124",
        "telefono": "",
        "email": "",
        "web": ""
      }
    },
    {
      "type": "Feature",
      "geometry": {
        "type": "Point",
        "coordinates": [
          9.705118,
          45.511729
        ]
      },
      "properties": {
        "nome": "BARIANO",
        "indirizzo": "PIAZZA DON L. PAGANESSI 4",
        "citta": "BARIANO",
        "cap": "24050",
        "telefono": "",
        "email": "",
        "web": ""
      }
    },
    {
      "type": "Feature",
      "geometry": {
        "type": "Point",
        "coordinates": [
          16.275497,
          41.3193494
        ]
      },
      "properties": {
        "nome": "BARLETTA",
        "indirizzo": "VIA POZZO SANT'AGOSTINO (EX OSPEDALE) SNC",
        "citta": "BARLETTA",
        "cap": "76121",
        "telefono": "",
        "email": "",
        "web": ""
      }
    },
    {
      "type": "Feature",
      "geometry": {
        "type": "Point",
        "coordinates": [
          16.275497,
          41.3193494
        ]
      },
      "properties": {
        "nome": "BARLETTA-ANDRIA-TRANI (BAT)",
        "indirizzo": "VIA POZZO SANT'AGOSTINO (EX OSPEDALE) SNC",
        "citta": "BARLETTA",
        "cap": "76121",
        "telefono": "",
        "email": "",
        "web": ""
      }
    },
    {
      "type": "Feature",
      "geometry": {
        "type": "Point",
        "coordinates": [
          9.5697333,
          45.7340622
        ]
      },
      "properties": {
        "nome": "BARZANA",
        "indirizzo": "PIAZZA AZZURRI CAMPIONI DEL MONDO 7",
        "citta": "BARZANA",
        "cap": "24030",
        "telefono": "",
        "email": "",
        "web": ""
      }
    },
    {
      "type": "Feature",
      "geometry": {
        "type": "Point",
        "coordinates": [
          9.3165085,
          45.7431836
        ]
      },
      "properties": {
        "nome": "BARZANO'",
        "indirizzo": "VIA RISORGIMENTO 33",
        "citta": "BARZANO",
        "cap": "23891",
        "telefono": "",
        "email": "",
        "web": ""
      }
    },
    {
      "type": "Feature",
      "geometry": {
        "type": "Point",
        "coordinates": [
          16.4443899,
          40.173113
        ]
      },
      "properties": {
        "nome": "BASILICATA",
        "indirizzo": "VIA CARMINE 46",
        "citta": "VALSINNI",
        "cap": "75029",
        "telefono": "",
        "email": "",
        "web": ""
      }
    },
    {
      "type": "Feature",
      "geometry": {
        "type": "Point",
        "coordinates": [
          11.9126005,
          44.4197349
        ]
      },
      "properties": {
        "nome": "BASSA ROMAGNA",
        "indirizzo": "CORSO MATTEOTTI 3",
        "citta": "LUGO",
        "cap": "48022",
        "telefono": "",
        "email": "",
        "web": ""
      }
    },
    {
      "type": "Feature",
      "geometry": {
        "type": "Point",
        "coordinates": [
          11.4567464,
          46.0532177
        ]
      },
      "properties": {
        "nome": "BASSA VAL SUGANA E TESINO",
        "indirizzo": "PIAZZA DE GASPERI CASA DELLA COMUNITA' 3",
        "citta": "BORGO VAL SUGANA",
        "cap": "38051",
        "telefono": "",
        "email": "",
        "web": ""
      }
    },
    {
      "type": "Feature",
      "geometry": {
        "type": "Point",
        "coordinates": [
          12.5486904,
          43.0677896
        ]
      },
      "properties": {
        "nome": "BASTIA UMBRA",
        "indirizzo": "VIA DELL'ARCO 55",
        "citta": "BASTIA UMBRA",
        "cap": "06083",
        "telefono": "",
        "email": "",
        "web": ""
      }
    },
    {
      "type": "Feature",
      "geometry": {
        "type": "Point",
        "coordinates": [
          9.313989,
          45.1596663
        ]
      },
      "properties": {
        "nome": "BELGIOIOSO",
        "indirizzo": "VIA GARIBALDI 64 PRESSO PALAZZO COMUNALE ",
        "citta": "BELGIOIOSO",
        "cap": "27010",
        "telefono": "",
        "email": "",
        "web": ""
      }
    },
    {
      "type": "Feature",
      "geometry": {
        "type": "Point",
        "coordinates": [
          9.3040114,
          46.0428599
        ]
      },
      "properties": {
        "nome": "BELLANO",
        "indirizzo": "VIA LORETI 9",
        "citta": "BELLANO",
        "cap": "23822",
        "telefono": "",
        "email": "",
        "web": ""
      }
    },
    {
      "type": "Feature",
      "geometry": {
        "type": "Point",
        "coordinates": [
          12.470882,
          44.128427
        ]
      },
      "properties": {
        "nome": "BELLARIA-IGEA MARINA",
        "indirizzo": "VIA LARA MAGNANI VIA FABIO FILZI 2",
        "citta": "BELLARIA-IGEA MARINA",
        "cap": "47814",
        "telefono": "",
        "email": "",
        "web": ""
      }
    },
    {
      "type": "Feature",
      "geometry": {
        "type": "Point",
        "coordinates": [
          9.4471926,
          45.540816
        ]
      },
      "properties": {
        "nome": "BELLINZAGO LOMBARDO",
        "indirizzo": "VIA MALENZA 6",
        "citta": "BELLINZAGO LOMBARDO",
        "cap": "20060",
        "telefono": "",
        "email": "",
        "web": ""
      }
    },
    {
      "type": "Feature",
      "geometry": {
        "type": "Point",
        "coordinates": [
          8.6421975,
          45.5679952
        ]
      },
      "properties": {
        "nome": "BELLINZAGO NOVARESE",
        "indirizzo": "VIA RIMEMBRANZA 1",
        "citta": "BELLINZAGO NOVARESE",
        "cap": "28043",
        "telefono": "",
        "email": "",
        "web": ""
      }
    },
    {
      "type": "Feature",
      "geometry": {
        "type": "Point",
        "coordinates": [
          12.218943,
          46.135907
        ]
      },
      "properties": {
        "nome": "BELLUNO",
        "indirizzo": "VIA DEL PIAVE 5",
        "citta": "BELLUNO",
        "cap": "32100",
        "telefono": "",
        "email": "",
        "web": ""
      }
    },
    {
      "type": "Feature",
      "geometry": {
        "type": "Point",
        "coordinates": [
          9.56893,
          45.81303
        ]
      },
      "properties": {
        "nome": "BERBENNO",
        "indirizzo": "VIA VITTORIO EMANUELE ",
        "citta": "BERBENNO",
        "cap": "24030",
        "telefono": "",
        "email": "",
        "web": ""
      }
    },
    {
      "type": "Feature",
      "geometry": {
        "type": "Point",
        "coordinates": [
          9.6866638,
          45.6955024
        ]
      },
      "properties": {
        "nome": "BERGAMO",
        "indirizzo": "Via Borgo Palazzo 90",
        "citta": "BERGAMO",
        "cap": "24125",
        "telefono": "",
        "email": "",
        "web": ""
      }
    },
    {
      "type": "Feature",
      "geometry": {
        "type": "Point",
        "coordinates": [
          9.281995,
          45.701346
        ]
      },
      "properties": {
        "nome": "BESANA BRIANZA ",
        "indirizzo": "VIA A. MANZONI 21",
        "citta": "BESANA IN BRIANZA",
        "cap": "20842",
        "telefono": "",
        "email": "",
        "web": ""
      }
    },
    {
      "type": "Feature",
      "geometry": {
        "type": "Point",
        "coordinates": [
          9.6076753,
          44.7776335
        ]
      },
      "properties": {
        "nome": "BETTOLA",
        "indirizzo": "VIALE VITTORIA 10",
        "citta": "BETTOLA",
        "cap": "29021",
        "telefono": "",
        "email": "",
        "web": ""
      }
    },
    {
      "type": "Feature",
      "geometry": {
        "type": "Point",
        "coordinates": [
          9.274437,
          45.6286056
        ]
      },
      "properties": {
        "nome": "BIASSONO ",
        "indirizzo": "VIA CESANA E VILLA 34",
        "citta": "BIASSONO",
        "cap": "20853",
        "telefono": "",
        "email": "",
        "web": ""
      }
    },
    {
      "type": "Feature",
      "geometry": {
        "type": "Point",
        "coordinates": [
          13.054666,
          45.6468468
        ]
      },
      "properties": {
        "nome": "BIBIONE",
        "indirizzo": "VIA MAYA 92",
        "citta": "BIBIONE",
        "cap": "30028",
        "telefono": "",
        "email": "",
        "web": ""
      }
    },
    {
      "type": "Feature",
      "geometry": {
        "type": "Point",
        "coordinates": [
          8.0608425,
          45.5591412
        ]
      },
      "properties": {
        "nome": "BIELLA",
        "indirizzo": "VIA TORINO 39",
        "citta": "BIELLA",
        "cap": "13900",
        "telefono": "",
        "email": "",
        "web": ""
      }
    },
    {
      "type": "Feature",
      "geometry": {
        "type": "Point",
        "coordinates": [
          16.5069331,
          41.2337697
        ]
      },
      "properties": {
        "nome": "BISCEGLIE",
        "indirizzo": "C/O ENTE ECC. \"SAN MICHELE ARCANGELO\" VIA M. TERLIZZI 12",
        "citta": "BISCEGLIE",
        "cap": "76011",
        "telefono": "",
        "email": "",
        "web": ""
      }
    },
    {
      "type": "Feature",
      "geometry": {
        "type": "Point",
        "coordinates": [
          11.7838216,
          45.1074084
        ]
      },
      "properties": {
        "nome": "BOARA PISANI",
        "indirizzo": "PIAZZA ATHESIA 4/2",
        "citta": "BOARA PISANI",
        "cap": "35040",
        "telefono": "",
        "email": "",
        "web": ""
      }
    },
    {
      "type": "Feature",
      "geometry": {
        "type": "Point",
        "coordinates": [
          11.7905894,
          45.1055346
        ]
      },
      "properties": {
        "nome": "BOARA POLESINE",
        "indirizzo": "VIA CURTATONE 87",
        "citta": "BOARA POLESINE",
        "cap": "45100",
        "telefono": "",
        "email": "",
        "web": ""
      }
    },
    {
      "type": "Feature",
      "geometry": {
        "type": "Point",
        "coordinates": [
          8.8324763,
          45.4663623
        ]
      },
      "properties": {
        "nome": "BOFFALORA SOPRA TICINO",
        "indirizzo": "VIA CALDERARI 17",
        "citta": "BOFFALORA SOPRA TICINO",
        "cap": "20010",
        "telefono": "",
        "email": "",
        "web": ""
      }
    },
    {
      "type": "Feature",
      "geometry": {
        "type": "Point",
        "coordinates": [
          9.8173081,
          45.6338787
        ]
      },
      "properties": {
        "nome": "BOLGARE",
        "indirizzo": "VIA DANTE 24",
        "citta": "BOLGARE",
        "cap": "24060",
        "telefono": "",
        "email": "",
        "web": ""
      }
    },
    {
      "type": "Feature",
      "geometry": {
        "type": "Point",
        "coordinates": [
          11.3437824,
          44.5086074
        ]
      },
      "properties": {
        "nome": "BOLOGNA",
        "indirizzo": "VIA A. TIARINI 21/2?",
        "citta": "BOLOGNA",
        "cap": "40129",
        "telefono": "",
        "email": "",
        "web": ""
      }
    },
    {
      "type": "Feature",
      "geometry": {
        "type": "Point",
        "coordinates": [
          11.3340142,
          46.5039169
        ]
      },
      "properties": {
        "nome": "BOLZANO",
        "indirizzo": "PIAZZA GRIES 18",
        "citta": "BOLZANO",
        "cap": "39100",
        "telefono": "",
        "email": "",
        "web": ""
      }
    },
    {
      "type": "Feature",
      "geometry": {
        "type": "Point",
        "coordinates": [
          11.6219625,
          45.6004699
        ]
      },
      "properties": {
        "nome": "BOLZANO VICENTINO",
        "indirizzo": "VIA ROMA 15",
        "citta": "BOLZANO VICENTINO",
        "cap": "36040",
        "telefono": "",
        "email": "",
        "web": ""
      }
    },
    {
      "type": "Feature",
      "geometry": {
        "type": "Point",
        "coordinates": [
          9.5586709,
          45.6847999
        ]
      },
      "properties": {
        "nome": "BONATE SOPRA",
        "indirizzo": "VIA SAN FRANCESCO D'ASSISI 9",
        "citta": "BONATE SOPRA",
        "cap": "24040",
        "telefono": "",
        "email": "",
        "web": ""
      }
    },
    {
      "type": "Feature",
      "geometry": {
        "type": "Point",
        "coordinates": [
          9.4993452,
          45.2132839
        ]
      },
      "properties": {
        "nome": "BORGHETTO LODIGIANO",
        "indirizzo": "PIAZZA CARLO ALBERTO DALLA CHIESA 1",
        "citta": "BORGHETTO LODIGIANO",
        "cap": "26812",
        "telefono": "",
        "email": "",
        "web": ""
      }
    },
    {
      "type": "Feature",
      "geometry": {
        "type": "Point",
        "coordinates": [
          10.7824418,
          45.1054996
        ]
      },
      "properties": {
        "nome": "BORGO VIRGILIO",
        "indirizzo": "VIA COSTA 2 - FRAZ. CAPPELLETTA",
        "citta": "BORGO VIRGILIO",
        "cap": "46030",
        "telefono": "",
        "email": "",
        "web": ""
      }
    },
    {
      "type": "Feature",
      "geometry": {
        "type": "Point",
        "coordinates": [
          8.6996939,
          45.317819
        ]
      },
      "properties": {
        "nome": "BORGOLAVEZZARO",
        "indirizzo": "VIA CAVOUR 10",
        "citta": "BORGOLAVEZZARO",
        "cap": "28071",
        "telefono": "",
        "email": "",
        "web": ""
      }
    },
    {
      "type": "Feature",
      "geometry": {
        "type": "Point",
        "coordinates": [
          10.2379089,
          45.4765177
        ]
      },
      "properties": {
        "nome": "BORGOSATOLLO",
        "indirizzo": "VIA ROMA 58",
        "citta": "BORGOSATOLLO",
        "cap": "25010",
        "telefono": "",
        "email": "",
        "web": ""
      }
    },
    {
      "type": "Feature",
      "geometry": {
        "type": "Point",
        "coordinates": [
          10.3682168,
          46.468025
        ]
      },
      "properties": {
        "nome": "BORMIO",
        "indirizzo": "C. BERNI 3",
        "citta": "BORMIO",
        "cap": "23032",
        "telefono": "",
        "email": "",
        "web": ""
      }
    },
    {
      "type": "Feature",
      "geometry": {
        "type": "Point",
        "coordinates": [
          10.0452957,
          45.8282373
        ]
      },
      "properties": {
        "nome": "BOSSICO",
        "indirizzo": "VIA A. DE GASPERI 1",
        "citta": "BOSSICO",
        "cap": "24060",
        "telefono": "",
        "email": "",
        "web": ""
      }
    },
    {
      "type": "Feature",
      "geometry": {
        "type": "Point",
        "coordinates": [
          13.283552,
          42.01668
        ]
      },
      "properties": {
        "nome": "BOTTA DI SEDRINA",
        "indirizzo": "VIA PIAZZA 30",
        "citta": "SERINA",
        "cap": "24010",
        "telefono": "",
        "email": "",
        "web": ""
      }
    },
    {
      "type": "Feature",
      "geometry": {
        "type": "Point",
        "coordinates": [
          9.5027194,
          45.6413659
        ]
      },
      "properties": {
        "nome": "BOTTANUCO",
        "indirizzo": "VIA ROMA 1",
        "citta": "BOTTANUCO",
        "cap": "24040",
        "telefono": "",
        "email": "",
        "web": ""
      }
    },
    {
      "type": "Feature",
      "geometry": {
        "type": "Point",
        "coordinates": [
          10.32031,
          45.5464462
        ]
      },
      "properties": {
        "nome": "BOTTICINO",
        "indirizzo": "VIA CAVE 74",
        "citta": "BOTTICINO",
        "cap": "25080",
        "telefono": "",
        "email": "",
        "web": ""
      }
    },
    {
      "type": "Feature",
      "geometry": {
        "type": "Point",
        "coordinates": [
          10.4807365,
          45.109317
        ]
      },
      "properties": {
        "nome": "BOZZOLO",
        "indirizzo": "VIA MATTEOTTI 7",
        "citta": "BOZZOLO",
        "cap": "46012",
        "telefono": "",
        "email": "",
        "web": ""
      }
    },
    {
      "type": "Feature",
      "geometry": {
        "type": "Point",
        "coordinates": [
          7.8525561,
          44.6959893
        ]
      },
      "properties": {
        "nome": "BRA",
        "indirizzo": "VIA PRINCIPI DI PIEMONTE  15",
        "citta": "BRA",
        "cap": "12042",
        "telefono": "",
        "email": "",
        "web": ""
      }
    },
    {
      "type": "Feature",
      "geometry": {
        "type": "Point",
        "coordinates": [
          9.555462,
          45.604818
        ]
      },
      "properties": {
        "nome": "BREMBATE",
        "indirizzo": "PIAZZETTA DEL DONATORE 7",
        "citta": "BREMBATE",
        "cap": "24041",
        "telefono": "",
        "email": "",
        "web": ""
      }
    },
    {
      "type": "Feature",
      "geometry": {
        "type": "Point",
        "coordinates": [
          9.5816698,
          45.7197493
        ]
      },
      "properties": {
        "nome": "BREMBATE DI SOPRA",
        "indirizzo": "VIA XXV APRILE 18",
        "citta": "BREMBATE DI SOPRA",
        "cap": "24030",
        "telefono": "",
        "email": "",
        "web": ""
      }
    },
    {
      "type": "Feature",
      "geometry": {
        "type": "Point",
        "coordinates": [
          9.5719928,
          45.2142906
        ]
      },
      "properties": {
        "nome": "BREMBIO",
        "indirizzo": "VIA GRAMSCI 29",
        "citta": "BREMBIO",
        "cap": "26822",
        "telefono": "",
        "email": "",
        "web": ""
      }
    },
    {
      "type": "Feature",
      "geometry": {
        "type": "Point",
        "coordinates": [
          11.445783,
          45.4710551
        ]
      },
      "properties": {
        "nome": "BRENDOLA",
        "indirizzo": "PIAZZA DEL DONATORE SNC",
        "citta": "BRENDOLA",
        "cap": "36040",
        "telefono": "",
        "email": "",
        "web": ""
      }
    },
    {
      "type": "Feature",
      "geometry": {
        "type": "Point",
        "coordinates": [
          10.2133756,
          45.5536588
        ]
      },
      "properties": {
        "nome": "BRESCIA",
        "indirizzo": "Via Monte Cengio 20",
        "citta": "BRESCIA",
        "cap": "25128",
        "telefono": "",
        "email": "",
        "web": ""
      }
    },
    {
      "type": "Feature",
      "geometry": {
        "type": "Point",
        "coordinates": [
          11.6572436,
          46.7177048
        ]
      },
      "properties": {
        "nome": "BRESSANONE",
        "indirizzo": "VICOLO MARCELLO 5",
        "citta": "BRESSANONE",
        "cap": "39042",
        "telefono": "",
        "email": "",
        "web": ""
      }
    },
    {
      "type": "Feature",
      "geometry": {
        "type": "Point",
        "coordinates": [
          9.1903928,
          45.5391048
        ]
      },
      "properties": {
        "nome": "BRESSO",
        "indirizzo": "VIA CAVOUR 6",
        "citta": "BRESSO",
        "cap": "20091",
        "telefono": "",
        "email": "",
        "web": ""
      }
    },
    {
      "type": "Feature",
      "geometry": {
        "type": "Point",
        "coordinates": [
          16.0286364,
          38.7242839
        ]
      },
      "properties": {
        "nome": "BRIATICO",
        "indirizzo": "CORSO R. MARGHERITA 173",
        "citta": "BRIATICO",
        "cap": "89817",
        "telefono": "",
        "email": "",
        "web": ""
      }
    },
    {
      "type": "Feature",
      "geometry": {
        "type": "Point",
        "coordinates": [
          17.9329281,
          40.6360999
        ]
      },
      "properties": {
        "nome": "BRINDISI",
        "indirizzo": "PIAZZA DI SUMMA EX OSPEDALE SNC",
        "citta": "BRINDISI",
        "cap": "72100",
        "telefono": "",
        "email": "",
        "web": ""
      }
    },
    {
      "type": "Feature",
      "geometry": {
        "type": "Point",
        "coordinates": [
          11.7643481,
          44.2210898
        ]
      },
      "properties": {
        "nome": "BRISIGHELLA",
        "indirizzo": "VIA FRATELLI CARDINALI CICOGNANI 76",
        "citta": "BRISIGHELLA",
        "cap": "48013",
        "telefono": "",
        "email": "",
        "web": ""
      }
    },
    {
      "type": "Feature",
      "geometry": {
        "type": "Point",
        "coordinates": [
          9.4471076,
          45.7422073
        ]
      },
      "properties": {
        "nome": "BRIVIO",
        "indirizzo": "VIA VITTORIO EMANUELE II 27",
        "citta": "BRIVIO",
        "cap": "23883",
        "telefono": "",
        "email": "",
        "web": ""
      }
    },
    {
      "type": "Feature",
      "geometry": {
        "type": "Point",
        "coordinates": [
          9.3079894,
          45.5500594
        ]
      },
      "properties": {
        "nome": "BRUGHERIO",
        "indirizzo": "VIA OBERDAN 83",
        "citta": "BRUGHERIO",
        "cap": "20861",
        "telefono": "",
        "email": "",
        "web": ""
      }
    },
    {
      "type": "Feature",
      "geometry": {
        "type": "Point",
        "coordinates": [
          9.7607212,
          45.6704995
        ]
      },
      "properties": {
        "nome": "BRUSAPORTO",
        "indirizzo": "VIA DAMIANO CHIESA 2",
        "citta": "BRUSAPORTO",
        "cap": "24060",
        "telefono": "",
        "email": "",
        "web": ""
      }
    },
    {
      "type": "Feature",
      "geometry": {
        "type": "Point",
        "coordinates": [
          11.5363087,
          44.5373761
        ]
      },
      "properties": {
        "nome": "BUDRIO",
        "indirizzo": "VIA MARCONI 2",
        "citta": "BUDRIO",
        "cap": "40054",
        "telefono": "",
        "email": "",
        "web": ""
      }
    },
    {
      "type": "Feature",
      "geometry": {
        "type": "Point",
        "coordinates": [
          10.8504042,
          45.4720264
        ]
      },
      "properties": {
        "nome": "BUSSOLENGO",
        "indirizzo": "VIA SAN VALENTINO 36",
        "citta": "BUSSOLENGO",
        "cap": "37012",
        "telefono": "",
        "email": "",
        "web": ""
      }
    },
    {
      "type": "Feature",
      "geometry": {
        "type": "Point",
        "coordinates": [
          8.8477382,
          45.6153182
        ]
      },
      "properties": {
        "nome": "BUSTO ARSIZIO",
        "indirizzo": "VIA BELLINI 7",
        "citta": "BUSTO ARSIZIO",
        "cap": "21052",
        "telefono": "",
        "email": "",
        "web": ""
      }
    },
    {
      "type": "Feature",
      "geometry": {
        "type": "Point",
        "coordinates": [
          11.004182,
          45.343385
        ]
      },
      "properties": {
        "nome": "BUTTAPIETRA",
        "indirizzo": "LARGO DEGLI ALPINI 2",
        "citta": "BUTTAPIETRA",
        "cap": "37060",
        "telefono": "",
        "email": "",
        "web": ""
      }
    },
    {
      "type": "Feature",
      "geometry": {
        "type": "Point",
        "coordinates": [
          16.78162,
          39.2274343
        ]
      },
      "properties": {
        "nome": "CACCURI",
        "indirizzo": "VIA CAMPO ",
        "citta": "CACCURI",
        "cap": "88833",
        "telefono": "",
        "email": "",
        "web": ""
      }
    },
    {
      "type": "Feature",
      "geometry": {
        "type": "Point",
        "coordinates": [
          9.8452014,
          44.9642728
        ]
      },
      "properties": {
        "nome": "CADEO",
        "indirizzo": "C/O MARES VIA VENEZIA - FRAZ. ROVELETO 11",
        "citta": "CADEO",
        "cap": "29010",
        "telefono": "",
        "email": "",
        "web": ""
      }
    },
    {
      "type": "Feature",
      "geometry": {
        "type": "Point",
        "coordinates": [
          11.9977768,
          45.7879113
        ]
      },
      "properties": {
        "nome": "CAERANO DI SAN MARCO",
        "indirizzo": "VIA GOBBETTI 16",
        "citta": "CAERANO DI SAN MARCO",
        "cap": "31031",
        "telefono": "",
        "email": "",
        "web": ""
      }
    },
    {
      "type": "Feature",
      "geometry": {
        "type": "Point",
        "coordinates": [
          7.5183306,
          45.2456171
        ]
      },
      "properties": {
        "nome": "CAFASSE",
        "indirizzo": "VIA VILLANOVA 1",
        "citta": "CAFASSE",
        "cap": "10070",
        "telefono": "",
        "email": "",
        "web": ""
      }
    },
    {
      "type": "Feature",
      "geometry": {
        "type": "Point",
        "coordinates": [
          9.0493919,
          39.2685814
        ]
      },
      "properties": {
        "nome": "CAGLIARI",
        "indirizzo": "PIAZZA CHIESA SAN SEBASTIANO 3",
        "citta": "ELMAS",
        "cap": "09067",
        "telefono": "",
        "email": "",
        "web": ""
      }
    },
    {
      "type": "Feature",
      "geometry": {
        "type": "Point",
        "coordinates": [
          8.8728624,
          45.6883053
        ]
      },
      "properties": {
        "nome": "CAIRATE",
        "indirizzo": "VIA DANTE ALIGHIERI 36",
        "citta": "CAIRATE",
        "cap": "21050",
        "telefono": "",
        "email": "",
        "web": ""
      }
    },
    {
      "type": "Feature",
      "geometry": {
        "type": "Point",
        "coordinates": [
          15.6375413,
          38.1027006
        ]
      },
      "properties": {
        "nome": "CALABRIA",
        "indirizzo": "C/O AVIS CORSO GARIBALDI 585",
        "citta": "REGGIO CALABRIA",
        "cap": "89127",
        "telefono": "",
        "email": "",
        "web": ""
      }
    },
    {
      "type": "Feature",
      "geometry": {
        "type": "Point",
        "coordinates": [
          10.5138791,
          43.7262727
        ]
      },
      "properties": {
        "nome": "CALCI",
        "indirizzo": "VIA ROMA 1",
        "citta": "CALCI",
        "cap": "56011",
        "telefono": "",
        "email": "",
        "web": ""
      }
    },
    {
      "type": "Feature",
      "geometry": {
        "type": "Point",
        "coordinates": [
          10.3956036,
          45.4584952
        ]
      },
      "properties": {
        "nome": "CALCINATO",
        "indirizzo": "VIA PARCO DELLA RIMEMBRANZA  ",
        "citta": "CALCINATO",
        "cap": "25011",
        "telefono": "",
        "email": "",
        "web": ""
      }
    },
    {
      "type": "Feature",
      "geometry": {
        "type": "Point",
        "coordinates": [
          9.8514886,
          45.5075481
        ]
      },
      "properties": {
        "nome": "CALCIO",
        "indirizzo": "VIA PAPA GIOVANNI XXIII 127",
        "citta": "CALCIO",
        "cap": "24054",
        "telefono": "",
        "email": "",
        "web": ""
      }
    },
    {
      "type": "Feature",
      "geometry": {
        "type": "Point",
        "coordinates": [
          9.4302981,
          45.8022965
        ]
      },
      "properties": {
        "nome": "CALOLZIOCORTE",
        "indirizzo": "CORSO DANTE 18",
        "citta": "CALOLZIOCORTE",
        "cap": "23801",
        "telefono": "",
        "email": "",
        "web": ""
      }
    },
    {
      "type": "Feature",
      "geometry": {
        "type": "Point",
        "coordinates": [
          14.0547908,
          37.4931664
        ]
      },
      "properties": {
        "nome": "CALTANISSETTA",
        "indirizzo": "VIA ROSSO DI SAN SECONDO 30",
        "citta": "CALTANISSETTA",
        "cap": "93100",
        "telefono": "",
        "email": "",
        "web": ""
      }
    },
    {
      "type": "Feature",
      "geometry": {
        "type": "Point",
        "coordinates": [
          11.4605,
          45.77045
        ]
      },
      "properties": {
        "nome": "CALTRANO",
        "indirizzo": "PIAZZA DANTE 8",
        "citta": "CALTRANO",
        "cap": "36030",
        "telefono": "",
        "email": "",
        "web": ""
      }
    },
    {
      "type": "Feature",
      "geometry": {
        "type": "Point",
        "coordinates": [
          9.472234,
          45.6893689
        ]
      },
      "properties": {
        "nome": "CALUSCO D'ADDA",
        "indirizzo": "VIA DELL ASSUNTA 243",
        "citta": "CALUSCO D ADDA",
        "cap": "24033",
        "telefono": "",
        "email": "",
        "web": ""
      }
    },
    {
      "type": "Feature",
      "geometry": {
        "type": "Point",
        "coordinates": [
          9.4233734,
          45.5731174
        ]
      },
      "properties": {
        "nome": "CAMBIAGO",
        "indirizzo": "VIA V. VENETO 2",
        "citta": "CAMBIAGO",
        "cap": "20040",
        "telefono": "",
        "email": "",
        "web": ""
      }
    },
    {
      "type": "Feature",
      "geometry": {
        "type": "Point",
        "coordinates": [
          8.6618947,
          45.4989964
        ]
      },
      "properties": {
        "nome": "CAMERI",
        "indirizzo": "VIA NOVARA 45",
        "citta": "CAMERI",
        "cap": "28062",
        "telefono": "",
        "email": "",
        "web": ""
      }
    },
    {
      "type": "Feature",
      "geometry": {
        "type": "Point",
        "coordinates": [
          12.0922991,
          45.3554903
        ]
      },
      "properties": {
        "nome": "CAMPAGNA LUPIA",
        "indirizzo": "VIA G. DELEDDA 12",
        "citta": "CAMPAGNA LUPIA",
        "cap": "30010",
        "telefono": "",
        "email": "",
        "web": ""
      }
    },
    {
      "type": "Feature",
      "geometry": {
        "type": "Point",
        "coordinates": [
          14.3761113,
          41.3551177
        ]
      },
      "properties": {
        "nome": "CAMPANIA",
        "indirizzo": "VIA G.G. D'AMORE 33",
        "citta": "PIEDIMONTE MATESE",
        "cap": "81016",
        "telefono": "",
        "email": "",
        "web": ""
      }
    },
    {
      "type": "Feature",
      "geometry": {
        "type": "Point",
        "coordinates": [
          14.9209721,
          41.8013564
        ]
      },
      "properties": {
        "nome": "CAMPOBASSO",
        "indirizzo": "VIA M. VITULLI 6",
        "citta": "LARINO",
        "cap": "86035",
        "telefono": "",
        "email": "",
        "web": ""
      }
    },
    {
      "type": "Feature",
      "geometry": {
        "type": "Point",
        "coordinates": [
          14.666083,
          41.588149
        ]
      },
      "properties": {
        "nome": "CAMPOBASSO",
        "indirizzo": "CONTRADA COLLE DELLE API 1",
        "citta": "CAMPOBASSO",
        "cap": "86100",
        "telefono": "",
        "email": "",
        "web": ""
      }
    },
    {
      "type": "Feature",
      "geometry": {
        "type": "Point",
        "coordinates": [
          7.6283929,
          43.8123064
        ]
      },
      "properties": {
        "nome": "CAMPOROSSO",
        "indirizzo": "VIA VITTORIO EMANUELE 130",
        "citta": "CAMPOROSSO",
        "cap": "18033",
        "telefono": "",
        "email": "",
        "web": ""
      }
    },
    {
      "type": "Feature",
      "geometry": {
        "type": "Point",
        "coordinates": [
          11.676331,
          44.935279
        ]
      },
      "properties": {
        "nome": "CANARO",
        "indirizzo": "VIA ROMA 82",
        "citta": "CANARO",
        "cap": "45034",
        "telefono": "",
        "email": "",
        "web": ""
      }
    },
    {
      "type": "Feature",
      "geometry": {
        "type": "Point",
        "coordinates": [
          8.2945884,
          44.7222971
        ]
      },
      "properties": {
        "nome": "CANELLI",
        "indirizzo": "VIA A. ROBINO 131",
        "citta": "CANELLI",
        "cap": "14053",
        "telefono": "",
        "email": "",
        "web": ""
      }
    },
    {
      "type": "Feature",
      "geometry": {
        "type": "Point",
        "coordinates": [
          13.8415936,
          37.3539675
        ]
      },
      "properties": {
        "nome": "CANICATTI",
        "indirizzo": "VIA A. RAMPI 11",
        "citta": "CANICATTI",
        "cap": "92024",
        "telefono": "",
        "email": "",
        "web": ""
      }
    },
    {
      "type": "Feature",
      "geometry": {
        "type": "Point",
        "coordinates": [
          9.5415794,
          45.5742976
        ]
      },
      "properties": {
        "nome": "CANONICA D'ADDA",
        "indirizzo": "VIA TORINO 2",
        "citta": "CANONICA D ADDA",
        "cap": "24040",
        "telefono": "",
        "email": "",
        "web": ""
      }
    },
    {
      "type": "Feature",
      "geometry": {
        "type": "Point",
        "coordinates": [
          8.8940733,
          45.8233884
        ]
      },
      "properties": {
        "nome": "CANTELLO",
        "indirizzo": "VIA COLLODI 7",
        "citta": "CANTELLO",
        "cap": "21050",
        "telefono": "",
        "email": "",
        "web": ""
      }
    },
    {
      "type": "Feature",
      "geometry": {
        "type": "Point",
        "coordinates": [
          12.8819822,
          45.6010403
        ]
      },
      "properties": {
        "nome": "CAORLE",
        "indirizzo": "VIA DELL'ASTESE 2",
        "citta": "CAORLE",
        "cap": "30021",
        "telefono": "",
        "email": "",
        "web": ""
      }
    },
    {
      "type": "Feature",
      "geometry": {
        "type": "Point",
        "coordinates": [
          10.3470632,
          46.0316983
        ]
      },
      "properties": {
        "nome": "CAPO DI PONTE",
        "indirizzo": "VIA COLOMBERA 13",
        "citta": "CAPO DI PONTE",
        "cap": "25044",
        "telefono": "",
        "email": "",
        "web": ""
      }
    },
    {
      "type": "Feature",
      "geometry": {
        "type": "Point",
        "coordinates": [
          12.178093,
          42.25681
        ]
      },
      "properties": {
        "nome": "CAPRANICA",
        "indirizzo": "PIAZZA SAN FRANCESCO 1",
        "citta": "CAPRANICA",
        "cap": "01012",
        "telefono": "",
        "email": "",
        "web": ""
      }
    },
    {
      "type": "Feature",
      "geometry": {
        "type": "Point",
        "coordinates": [
          9.5281291,
          45.6085137
        ]
      },
      "properties": {
        "nome": "CAPRIATE SAN GERVASIO",
        "indirizzo": "PIAZZA DELLA VITTORIA 13",
        "citta": "CAPRIATE SAN GERVASIO",
        "cap": "24042",
        "telefono": "",
        "email": "",
        "web": ""
      }
    },
    {
      "type": "Feature",
      "geometry": {
        "type": "Point",
        "coordinates": [
          9.482373,
          45.746513
        ]
      },
      "properties": {
        "nome": "CAPRINO BERGAMASCO",
        "indirizzo": "PIAZZA GARIBALDI 6",
        "citta": "CAPRINO BERGAMASCO",
        "cap": "24030",
        "telefono": "",
        "email": "",
        "web": ""
      }
    },
    {
      "type": "Feature",
      "geometry": {
        "type": "Point",
        "coordinates": [
          10.7853465,
          45.6042072
        ]
      },
      "properties": {
        "nome": "CAPRINO VERONESE",
        "indirizzo": "VIA GARDESANA 585",
        "citta": "CAPRINO VERONESE",
        "cap": "37013",
        "telefono": "",
        "email": "",
        "web": ""
      }
    },
    {
      "type": "Feature",
      "geometry": {
        "type": "Point",
        "coordinates": [
          9.2367432,
          45.6765522
        ]
      },
      "properties": {
        "nome": "CARATE BRIANZA",
        "indirizzo": "VIA MILANO 3",
        "citta": "CARATE BRIANZA",
        "cap": "20841",
        "telefono": "",
        "email": "",
        "web": ""
      }
    },
    {
      "type": "Feature",
      "geometry": {
        "type": "Point",
        "coordinates": [
          9.6537855,
          45.5050243
        ]
      },
      "properties": {
        "nome": "CARAVAGGIO",
        "indirizzo": "VIA BERNARDO DA CARAVAGGIO ",
        "citta": "CARAVAGGIO",
        "cap": "24043",
        "telefono": "",
        "email": "",
        "web": ""
      }
    },
    {
      "type": "Feature",
      "geometry": {
        "type": "Point",
        "coordinates": [
          12.2910501,
          45.6985798
        ]
      },
      "properties": {
        "nome": "CARBONERA",
        "indirizzo": "VIA CAL DI BREDA-PEZZAN 7/8",
        "citta": "CARBONERA",
        "cap": "31030",
        "telefono": "",
        "email": "",
        "web": ""
      }
    },
    {
      "type": "Feature",
      "geometry": {
        "type": "Point",
        "coordinates": [
          8.8351491,
          45.7230171
        ]
      },
      "properties": {
        "nome": "CARNAGO-ROVATE",
        "indirizzo": "VIA LIBERTA' 5",
        "citta": "CARNAGO",
        "cap": "21040",
        "telefono": "",
        "email": "",
        "web": ""
      }
    },
    {
      "type": "Feature",
      "geometry": {
        "type": "Point",
        "coordinates": [
          9.834648,
          45.6676854
        ]
      },
      "properties": {
        "nome": "CAROBBIO DEGLI ANGELI",
        "indirizzo": "PIAZZA LOCATELLI ",
        "citta": "CAROBBIO DEGLI ANGELI",
        "cap": "24060",
        "telefono": "",
        "email": "",
        "web": ""
      }
    },
    {
      "type": "Feature",
      "geometry": {
        "type": "Point",
        "coordinates": [
          9.7930703,
          44.9152997
        ]
      },
      "properties": {
        "nome": "CARPANETO PIACENTINO",
        "indirizzo": "VIA SAN CORRADO CONFALONIERI C/O FREGHIERI DORIANA 6",
        "citta": "CARPANETO PIACENTINO",
        "cap": "29013",
        "telefono": "",
        "email": "",
        "web": ""
      }
    },
    {
      "type": "Feature",
      "geometry": {
        "type": "Point",
        "coordinates": [
          10.4301354,
          45.3647811
        ]
      },
      "properties": {
        "nome": "CARPENEDOLO - ACQUAFREDDA",
        "indirizzo": "PIAZZA MATTEOTTI 1",
        "citta": "CARPENEDOLO",
        "cap": "25013",
        "telefono": "",
        "email": "",
        "web": ""
      }
    },
    {
      "type": "Feature",
      "geometry": {
        "type": "Point",
        "coordinates": [
          10.8663729,
          44.7821498
        ]
      },
      "properties": {
        "nome": "CARPI",
        "indirizzo": "VIA NUOVA PONENTE 22/B",
        "citta": "CARPI",
        "cap": "41012",
        "telefono": "",
        "email": "",
        "web": ""
      }
    },
    {
      "type": "Feature",
      "geometry": {
        "type": "Point",
        "coordinates": [
          8.4182622,
          45.5352012
        ]
      },
      "properties": {
        "nome": "CARPIGNANO SESIA",
        "indirizzo": "PIAZZA DELLA LIBERTA' 4",
        "citta": "CARPIGNANO SESIA",
        "cap": "28064",
        "telefono": "",
        "email": "",
        "web": ""
      }
    },
    {
      "type": "Feature",
      "geometry": {
        "type": "Point",
        "coordinates": [
          9.3415569,
          45.5564788
        ]
      },
      "properties": {
        "nome": "CARUGATE",
        "indirizzo": "VIA GARIBALDI - C/O AVIS 21",
        "citta": "CARUGATE",
        "cap": "20061",
        "telefono": "",
        "email": "",
        "web": ""
      }
    },
    {
      "type": "Feature",
      "geometry": {
        "type": "Point",
        "coordinates": [
          9.4795773,
          45.7041625
        ]
      },
      "properties": {
        "nome": "CARVICO",
        "indirizzo": "VIA SANTA MARIA 7",
        "citta": "CARVICO",
        "cap": "24030",
        "telefono": "",
        "email": "",
        "web": ""
      }
    },
    {
      "type": "Feature",
      "geometry": {
        "type": "Point",
        "coordinates": [
          9.96437,
          45.251173
        ]
      },
      "properties": {
        "nome": "CASALBUTTANO",
        "indirizzo": "PIAZZA LIBERTA'  18",
        "citta": "CASALBUTTANO ED UNITI",
        "cap": "26011",
        "telefono": "",
        "email": "",
        "web": ""
      }
    },
    {
      "type": "Feature",
      "geometry": {
        "type": "Point",
        "coordinates": [
          8.4438352,
          45.1201324
        ]
      },
      "properties": {
        "nome": "CASALE MONFERRATO",
        "indirizzo": "STRADA VECCHIA POZZO S. EVASIO 1L",
        "citta": "CASALE MONFERRATO",
        "cap": "15033",
        "telefono": "",
        "email": "",
        "web": ""
      }
    },
    {
      "type": "Feature",
      "geometry": {
        "type": "Point",
        "coordinates": [
          10.419717,
          44.9860085
        ]
      },
      "properties": {
        "nome": "CASALMAGGIORE",
        "indirizzo": "VIA BIXIO 50",
        "citta": "CASALMAGGIORE",
        "cap": "26041",
        "telefono": "",
        "email": "",
        "web": ""
      }
    },
    {
      "type": "Feature",
      "geometry": {
        "type": "Point",
        "coordinates": [
          9.8977676,
          45.2869508
        ]
      },
      "properties": {
        "nome": "CASALMORANO",
        "indirizzo": "PIAZZA IV NOVEMBRE 9",
        "citta": "CASALMORANO",
        "cap": "26020",
        "telefono": "",
        "email": "",
        "web": ""
      }
    },
    {
      "type": "Feature",
      "geometry": {
        "type": "Point",
        "coordinates": [
          18.1619164,
          40.010026
        ]
      },
      "properties": {
        "nome": "CASARANO",
        "indirizzo": "VIA ROMA 26",
        "citta": "CASARANO",
        "cap": "73042",
        "telefono": "",
        "email": "",
        "web": ""
      }
    },
    {
      "type": "Feature",
      "geometry": {
        "type": "Point",
        "coordinates": [
          9.30809,
          45.69511
        ]
      },
      "properties": {
        "nome": "CASATENOVO",
        "indirizzo": "VIA CASTELBARCO 7",
        "citta": "CASATENOVO",
        "cap": "23880",
        "telefono": "",
        "email": "",
        "web": ""
      }
    },
    {
      "type": "Feature",
      "geometry": {
        "type": "Point",
        "coordinates": [
          9.9092741,
          45.7513394
        ]
      },
      "properties": {
        "nome": "CASAZZA",
        "indirizzo": "VIA NAZIONALE 90",
        "citta": "CASAZZA",
        "cap": "24060",
        "telefono": "",
        "email": "",
        "web": ""
      }
    },
    {
      "type": "Feature",
      "geometry": {
        "type": "Point",
        "coordinates": [
          7.6643473,
          45.1841732
        ]
      },
      "properties": {
        "nome": "CASELLE TORINESE",
        "indirizzo": "VIA MONACHE 20",
        "citta": "CASELLE TORINESE",
        "cap": "10072",
        "telefono": "",
        "email": "",
        "web": ""
      }
    },
    {
      "type": "Feature",
      "geometry": {
        "type": "Point",
        "coordinates": [
          11.8181882,
          43.6953719
        ]
      },
      "properties": {
        "nome": "CASENTINO",
        "indirizzo": "VIA BERNI 41",
        "citta": "BIBBIENA",
        "cap": "52011",
        "telefono": "",
        "email": "",
        "web": ""
      }
    },
    {
      "type": "Feature",
      "geometry": {
        "type": "Point",
        "coordinates": [
          14.357103,
          41.0699043
        ]
      },
      "properties": {
        "nome": "CASERTA",
        "indirizzo": "VIA DEGLI OLEANDRI (ZONA 167) 2",
        "citta": "CASERTA",
        "cap": "81100",
        "telefono": "",
        "email": "",
        "web": ""
      }
    },
    {
      "type": "Feature",
      "geometry": {
        "type": "Point",
        "coordinates": [
          9.5673683,
          45.49361
        ]
      },
      "properties": {
        "nome": "CASIRATE D'ADDA",
        "indirizzo": "VIA RINALDO PALADINI 4",
        "citta": "CASIRATE D ADDA",
        "cap": "24040",
        "telefono": "",
        "email": "",
        "web": ""
      }
    },
    {
      "type": "Feature",
      "geometry": {
        "type": "Point",
        "coordinates": [
          9.8657428,
          45.8171258
        ]
      },
      "properties": {
        "nome": "CASNIGO",
        "indirizzo": "PIAZZA SAN GIOVANNI BATTISTA 22",
        "citta": "CASNIGO",
        "cap": "24020",
        "telefono": "",
        "email": "",
        "web": ""
      }
    },
    {
      "type": "Feature",
      "geometry": {
        "type": "Point",
        "coordinates": [
          12.6702596,
          42.3372368
        ]
      },
      "properties": {
        "nome": "CASPERIA",
        "indirizzo": "VIA GUGLIELMO MARCONI 12",
        "citta": "CASPERIA",
        "cap": "02041",
        "telefono": "",
        "email": "",
        "web": ""
      }
    },
    {
      "type": "Feature",
      "geometry": {
        "type": "Point",
        "coordinates": [
          9.2923969,
          45.7372517
        ]
      },
      "properties": {
        "nome": "CASSAGO BRIANZA",
        "indirizzo": "VIA N. SAURO 19",
        "citta": "CASSAGO BRIANZA",
        "cap": "23893",
        "telefono": "",
        "email": "",
        "web": ""
      }
    },
    {
      "type": "Feature",
      "geometry": {
        "type": "Point",
        "coordinates": [
          9.5219175,
          45.52483
        ]
      },
      "properties": {
        "nome": "CASSANO D'ADDA ",
        "indirizzo": "PIAZZA GARIBALDI 62",
        "citta": "CASSANO D ADDA",
        "cap": "20062",
        "telefono": "",
        "email": "",
        "web": ""
      }
    },
    {
      "type": "Feature",
      "geometry": {
        "type": "Point",
        "coordinates": [
          9.6136211,
          45.9668538
        ]
      },
      "properties": {
        "nome": "CASSIGLIO",
        "indirizzo": "VIA ROMA N 10 ",
        "citta": "CASSIGLIO",
        "cap": "24010",
        "telefono": "",
        "email": "",
        "web": ""
      }
    },
    {
      "type": "Feature",
      "geometry": {
        "type": "Point",
        "coordinates": [
          9.3582788,
          45.520303
        ]
      },
      "properties": {
        "nome": "CASSINA DE PECCHI",
        "indirizzo": "VIA MAZZINI 26",
        "citta": "CASSINA DE  PECCHI",
        "cap": "20060",
        "telefono": "",
        "email": "",
        "web": ""
      }
    },
    {
      "type": "Feature",
      "geometry": {
        "type": "Point",
        "coordinates": [
          10.108328,
          45.5580585
        ]
      },
      "properties": {
        "nome": "CASTEGNATO ",
        "indirizzo": "VIA MOLINO 32/B",
        "citta": "CASTEGNATO",
        "cap": "25045",
        "telefono": "",
        "email": "",
        "web": ""
      }
    },
    {
      "type": "Feature",
      "geometry": {
        "type": "Point",
        "coordinates": [
          10.9750055,
          45.1836999
        ]
      },
      "properties": {
        "nome": "CASTEL D'ARIO",
        "indirizzo": "VIA A. GRAMSCI 1",
        "citta": "CASTEL D'ARIO",
        "cap": "46033",
        "telefono": "",
        "email": "",
        "web": ""
      }
    },
    {
      "type": "Feature",
      "geometry": {
        "type": "Point",
        "coordinates": [
          10.9534472,
          45.3551681
        ]
      },
      "properties": {
        "nome": "CASTEL D'AZZANO",
        "indirizzo": "VIA BARBARANI 12",
        "citta": "CASTEL D'AZZANO",
        "cap": "37060",
        "telefono": "",
        "email": "",
        "web": ""
      }
    },
    {
      "type": "Feature",
      "geometry": {
        "type": "Point",
        "coordinates": [
          10.4727582,
          45.3009879
        ]
      },
      "properties": {
        "nome": "CASTEL GOFFREDO",
        "indirizzo": "VIA MONTEGRAPPA 68A",
        "citta": "CASTEL GOFFREDO",
        "cap": "46042",
        "telefono": "",
        "email": "",
        "web": ""
      }
    },
    {
      "type": "Feature",
      "geometry": {
        "type": "Point",
        "coordinates": [
          9.6232786,
          45.5557779
        ]
      },
      "properties": {
        "nome": "CASTEL ROZZONE",
        "indirizzo": "PIAZZA CASTELLO 1",
        "citta": "CASTEL ROZZONE",
        "cap": "24040",
        "telefono": "",
        "email": "",
        "web": ""
      }
    },
    {
      "type": "Feature",
      "geometry": {
        "type": "Point",
        "coordinates": [
          11.5795305,
          44.3972903
        ]
      },
      "properties": {
        "nome": "CASTEL SAN PIETRO TERME",
        "indirizzo": "VIA UGO FOSCOLO 39",
        "citta": "CASTEL SAN PIETRO TERME",
        "cap": "40024",
        "telefono": "",
        "email": "",
        "web": ""
      }
    },
    {
      "type": "Feature",
      "geometry": {
        "type": "Point",
        "coordinates": [
          10.8914026,
          45.2142508
        ]
      },
      "properties": {
        "nome": "CASTELBELFORTE",
        "indirizzo": "VIA ROMA 29",
        "citta": "CASTELBELFORTE",
        "cap": "46032",
        "telefono": "",
        "email": "",
        "web": ""
      }
    },
    {
      "type": "Feature",
      "geometry": {
        "type": "Point",
        "coordinates": [
          9.9482317,
          45.5038141
        ]
      },
      "properties": {
        "nome": "CASTELCOVATI",
        "indirizzo": "VIA EUROPA 16",
        "citta": "CASTELCOVATI",
        "cap": "25030",
        "telefono": "",
        "email": "",
        "web": ""
      }
    },
    {
      "type": "Feature",
      "geometry": {
        "type": "Point",
        "coordinates": [
          11.8862187,
          45.8342723
        ]
      },
      "properties": {
        "nome": "CASTELCUCCO",
        "indirizzo": "VIA LATTERIA 1",
        "citta": "CASTELCUCCO",
        "cap": "31030",
        "telefono": "",
        "email": "",
        "web": ""
      }
    },
    {
      "type": "Feature",
      "geometry": {
        "type": "Point",
        "coordinates": [
          13.5498562,
          43.4632672
        ]
      },
      "properties": {
        "nome": "CASTELFIDARDO",
        "indirizzo": "VIA MATTEOTTI 19",
        "citta": "CASTELFIDARDO",
        "cap": "60022",
        "telefono": "",
        "email": "",
        "web": ""
      }
    },
    {
      "type": "Feature",
      "geometry": {
        "type": "Point",
        "coordinates": [
          11.0668078,
          44.5468354
        ]
      },
      "properties": {
        "nome": "CASTELFRANCO EMILIA",
        "indirizzo": "VIA DEI MILLE 62",
        "citta": "CASTELFRANCO EMILIA",
        "cap": "41013",
        "telefono": "",
        "email": "",
        "web": ""
      }
    },
    {
      "type": "Feature",
      "geometry": {
        "type": "Point",
        "coordinates": [
          11.5349645,
          45.0202904
        ]
      },
      "properties": {
        "nome": "CASTELGUGLIELMO",
        "indirizzo": "VIA TORINO 186",
        "citta": "CASTELGUGLIELMO",
        "cap": "45020",
        "telefono": "",
        "email": "",
        "web": ""
      }
    },
    {
      "type": "Feature",
      "geometry": {
        "type": "Point",
        "coordinates": [
          8.8993121,
          45.6128309
        ]
      },
      "properties": {
        "nome": "CASTELLANZA",
        "indirizzo": "VIA BERNOCCHI 10",
        "citta": "CASTELLANZA",
        "cap": "21053",
        "telefono": "",
        "email": "",
        "web": ""
      }
    },
    {
      "type": "Feature",
      "geometry": {
        "type": "Point",
        "coordinates": [
          9.76494,
          45.29596
        ]
      },
      "properties": {
        "nome": "CASTELLEONE",
        "indirizzo": "PIAZZA TRIESTE 7",
        "citta": "CASTELLEONE",
        "cap": "26012",
        "telefono": "",
        "email": "",
        "web": ""
      }
    },
    {
      "type": "Feature",
      "geometry": {
        "type": "Point",
        "coordinates": [
          12.9819696,
          43.6082579
        ]
      },
      "properties": {
        "nome": "CASTELLEONE DI SUASA",
        "indirizzo": "VIA ROMA 48/E",
        "citta": "CASTELLEONE DI SUASA",
        "cap": "60010",
        "telefono": "",
        "email": "",
        "web": ""
      }
    },
    {
      "type": "Feature",
      "geometry": {
        "type": "Point",
        "coordinates": [
          8.5653676,
          44.9798455
        ]
      },
      "properties": {
        "nome": "CASTELLETTO MONFERRATO",
        "indirizzo": "VIA BUSINA' 1",
        "citta": "CASTELLETTO MONFERRATO",
        "cap": "15040",
        "telefono": "",
        "email": "",
        "web": ""
      }
    },
    {
      "type": "Feature",
      "geometry": {
        "type": "Point",
        "coordinates": [
          9.9052853,
          45.6400734
        ]
      },
      "properties": {
        "nome": "CASTELLI CALEPIO",
        "indirizzo": "G. MARCONI 25",
        "citta": "CASTELLI CALEPIO",
        "cap": "24060",
        "telefono": "",
        "email": "",
        "web": ""
      }
    },
    {
      "type": "Feature",
      "geometry": {
        "type": "Point",
        "coordinates": [
          11.8854183,
          45.6899485
        ]
      },
      "properties": {
        "nome": "CASTELLO DI GODEGO",
        "indirizzo": "VIA S. PIETRO 24/A",
        "citta": "CASTELLO DI GODEGO",
        "cap": "31030",
        "telefono": "",
        "email": "",
        "web": ""
      }
    },
    {
      "type": "Feature",
      "geometry": {
        "type": "Point",
        "coordinates": [
          10.7651163,
          45.4388963
        ]
      },
      "properties": {
        "nome": "CASTELNUOVO DEL GARDA",
        "indirizzo": "VIA MILANO 5",
        "citta": "CASTELNUOVO DEL GARDA",
        "cap": "37014",
        "telefono": "",
        "email": "",
        "web": ""
      }
    },
    {
      "type": "Feature",
      "geometry": {
        "type": "Point",
        "coordinates": [
          9.9950132,
          45.1875418
        ]
      },
      "properties": {
        "nome": "CASTELVERDE",
        "indirizzo": "VIA MONS. GARDINALI 9",
        "citta": "CASTELVERDE",
        "cap": "26022",
        "telefono": "",
        "email": "",
        "web": ""
      }
    },
    {
      "type": "Feature",
      "geometry": {
        "type": "Point",
        "coordinates": [
          12.0490308,
          43.1259774
        ]
      },
      "properties": {
        "nome": "CASTIGLIONE DEL LAGO",
        "indirizzo": "VIA XXV APRILE 35",
        "citta": "CASTIGLIONE DEL LAGO",
        "cap": "06061",
        "telefono": "",
        "email": "",
        "web": ""
      }
    },
    {
      "type": "Feature",
      "geometry": {
        "type": "Point",
        "coordinates": [
          10.490539,
          45.393293
        ]
      },
      "properties": {
        "nome": "CASTIGLIONE DELLE STIVIERE",
        "indirizzo": "VIA MULINI 20",
        "citta": "CASTIGLIONE DELLE STIVIERE",
        "cap": "46043",
        "telefono": "",
        "email": "",
        "web": ""
      }
    },
    {
      "type": "Feature",
      "geometry": {
        "type": "Point",
        "coordinates": [
          10.0355853,
          45.9078887
        ]
      },
      "properties": {
        "nome": "CASTIONE DELLA PRESOLANA",
        "indirizzo": "VIA VITTORIO EMANUELE 30",
        "citta": "CASTIONE DELLA PRESOLANA",
        "cap": "24020",
        "telefono": "",
        "email": "",
        "web": ""
      }
    },
    {
      "type": "Feature",
      "geometry": {
        "type": "Point",
        "coordinates": [
          9.9814501,
          45.5124982
        ]
      },
      "properties": {
        "nome": "CASTREZZATO ",
        "indirizzo": "VIA GUGLIELMO MARCONI ",
        "citta": "CASTREZZATO",
        "cap": "25030",
        "telefono": "",
        "email": "",
        "web": ""
      }
    },
    {
      "type": "Feature",
      "geometry": {
        "type": "Point",
        "coordinates": [
          15.0784741,
          37.5117382
        ]
      },
      "properties": {
        "nome": "CATANIA",
        "indirizzo": "PIAZZA S. MARIA DI GESU'  5",
        "citta": "CATANIA",
        "cap": "95123",
        "telefono": "",
        "email": "",
        "web": ""
      }
    },
    {
      "type": "Feature",
      "geometry": {
        "type": "Point",
        "coordinates": [
          8.0425848,
          45.1485606
        ]
      },
      "properties": {
        "nome": "CAVAGNOLO",
        "indirizzo": "VIA MONTECHIARO 10",
        "citta": "CAVAGNOLO",
        "cap": "10020",
        "telefono": "",
        "email": "",
        "web": ""
      }
    },
    {
      "type": "Feature",
      "geometry": {
        "type": "Point",
        "coordinates": [
          7.6877636,
          44.7067898
        ]
      },
      "properties": {
        "nome": "CAVALLERMAGGIORE",
        "indirizzo": "VIA BONINO 1",
        "citta": "CAVALLERMAGGIORE",
        "cap": "12030",
        "telefono": "",
        "email": "",
        "web": ""
      }
    },
    {
      "type": "Feature",
      "geometry": {
        "type": "Point",
        "coordinates": [
          11.9260846,
          45.864373
        ]
      },
      "properties": {
        "nome": "CAVASO DEL TOMBA",
        "indirizzo": "VIA CALDOIE 1",
        "citta": "CAVASO DEL TOMA",
        "cap": "31034",
        "telefono": "",
        "email": "",
        "web": ""
      }
    },
    {
      "type": "Feature",
      "geometry": {
        "type": "Point",
        "coordinates": [
          10.5994775,
          45.351402
        ]
      },
      "properties": {
        "nome": "CAVRIANA",
        "indirizzo": "GIARDINO SUP. VILLA MIRRA ",
        "citta": "CAVRIANA",
        "cap": "46040",
        "telefono": "",
        "email": "",
        "web": ""
      }
    },
    {
      "type": "Feature",
      "geometry": {
        "type": "Point",
        "coordinates": [
          11.2159582,
          45.4685622
        ]
      },
      "properties": {
        "nome": "CAZZANO DI TRAMIGNA",
        "indirizzo": "VIA PISOLO DI SOTTO 7",
        "citta": "CAZZANO DI TRAMIGNA",
        "cap": "37030",
        "telefono": "",
        "email": "",
        "web": ""
      }
    },
    {
      "type": "Feature",
      "geometry": {
        "type": "Point",
        "coordinates": [
          10.5287326,
          43.3117568
        ]
      },
      "properties": {
        "nome": "CECINA",
        "indirizzo": "PIAZZA ALESSANDRINI 13",
        "citta": "CECINA",
        "cap": "57023",
        "telefono": "",
        "email": "",
        "web": ""
      }
    },
    {
      "type": "Feature",
      "geometry": {
        "type": "Point",
        "coordinates": [
          10.3488181,
          46.0770613
        ]
      },
      "properties": {
        "nome": "CEDEGOLO - GREVO",
        "indirizzo": "PIAZZA ROMA 1",
        "citta": "CEDEGOLO",
        "cap": "25051",
        "telefono": "",
        "email": "",
        "web": ""
      }
    },
    {
      "type": "Feature",
      "geometry": {
        "type": "Point",
        "coordinates": [
          12.6365329,
          45.6843935
        ]
      },
      "properties": {
        "nome": "CEGGIA",
        "indirizzo": "PIAZZETTA RONCHESE 23",
        "citta": "CEGGIA",
        "cap": "30022",
        "telefono": "",
        "email": "",
        "web": ""
      }
    },
    {
      "type": "Feature",
      "geometry": {
        "type": "Point",
        "coordinates": [
          9.7076933,
          45.6934077
        ]
      },
      "properties": {
        "nome": "CELADINA - BERGAMO",
        "indirizzo": "VIA PIZZO SCAIS 1/B",
        "citta": "BERGAMO",
        "cap": "24125",
        "telefono": "",
        "email": "",
        "web": ""
      }
    },
    {
      "type": "Feature",
      "geometry": {
        "type": "Point",
        "coordinates": [
          9.8254985,
          45.6986828
        ]
      },
      "properties": {
        "nome": "CENATE SOTTO",
        "indirizzo": "VIA MONS. BIAVA 14",
        "citta": "CENATE SOTTO",
        "cap": "24069",
        "telefono": "",
        "email": "",
        "web": ""
      }
    },
    {
      "type": "Feature",
      "geometry": {
        "type": "Point",
        "coordinates": [
          9.8256959,
          45.7794532
        ]
      },
      "properties": {
        "nome": "CENE",
        "indirizzo": "PIAZZA ITALIA 14",
        "citta": "CENE",
        "cap": "24020",
        "telefono": "",
        "email": "",
        "web": ""
      }
    },
    {
      "type": "Feature",
      "geometry": {
        "type": "Point",
        "coordinates": [
          9.390259,
          45.9944345
        ]
      },
      "properties": {
        "nome": "CENTRO VALSASSINA",
        "indirizzo": "VIA MASCHERI 12",
        "citta": "CORTENOVA",
        "cap": "23813",
        "telefono": "",
        "email": "",
        "web": ""
      }
    },
    {
      "type": "Feature",
      "geometry": {
        "type": "Point",
        "coordinates": [
          10.5703864,
          45.2639017
        ]
      },
      "properties": {
        "nome": "CERESARA",
        "indirizzo": "VIA TRIFOGLIO 2",
        "citta": "CERESARA",
        "cap": "46040",
        "telefono": "",
        "email": "",
        "web": ""
      }
    },
    {
      "type": "Feature",
      "geometry": {
        "type": "Point",
        "coordinates": [
          9.1044146,
          45.6231361
        ]
      },
      "properties": {
        "nome": "CERIANO LAGHETTO",
        "indirizzo": "VIA DANTE ALIGHIERI 15",
        "citta": "CERIANO LAGHETTO",
        "cap": "20816",
        "telefono": "",
        "email": "",
        "web": ""
      }
    },
    {
      "type": "Feature",
      "geometry": {
        "type": "Point",
        "coordinates": [
          15.9055753,
          41.2680548
        ]
      },
      "properties": {
        "nome": "CERIGNOLA",
        "indirizzo": "VIA STRESA 3",
        "citta": "CERIGNOLA",
        "cap": "71042",
        "telefono": "",
        "email": "",
        "web": ""
      }
    },
    {
      "type": "Feature",
      "geometry": {
        "type": "Point",
        "coordinates": [
          9.3301636,
          45.5247862
        ]
      },
      "properties": {
        "nome": "CERNUSCO SUL NAVIGLIO",
        "indirizzo": "PIAZZA MATTEOTTI 8",
        "citta": "CERNUSCO SUL NAVIGLIO",
        "cap": "20063",
        "telefono": "",
        "email": "",
        "web": ""
      }
    },
    {
      "type": "Feature",
      "geometry": {
        "type": "Point",
        "coordinates": [
          9.0911874,
          45.446912
        ]
      },
      "properties": {
        "nome": "CESANO BOSCONE",
        "indirizzo": "VIA DANTE 47",
        "citta": "CESANO BOSCONE",
        "cap": "20090",
        "telefono": "",
        "email": "",
        "web": ""
      }
    },
    {
      "type": "Feature",
      "geometry": {
        "type": "Point",
        "coordinates": [
          8.0357152,
          44.3883201
        ]
      },
      "properties": {
        "nome": "CEVA",
        "indirizzo": "VIA XX SETTEMBRE 9",
        "citta": "CEVA",
        "cap": "12073",
        "telefono": "",
        "email": "",
        "web": ""
      }
    },
    {
      "type": "Feature",
      "geometry": {
        "type": "Point",
        "coordinates": [
          13.3241696,
          43.5974796
        ]
      },
      "properties": {
        "nome": "CHIARAVALLE",
        "indirizzo": "VIA REPUBBLICA 21",
        "citta": "CHIARAVALLE",
        "cap": "60033",
        "telefono": "",
        "email": "",
        "web": ""
      }
    },
    {
      "type": "Feature",
      "geometry": {
        "type": "Point",
        "coordinates": [
          9.9321721,
          45.5367464
        ]
      },
      "properties": {
        "nome": "CHIARI",
        "indirizzo": "VIA G. B. ROTA 27/B",
        "citta": "CHIARI",
        "cap": "25032",
        "telefono": "",
        "email": "",
        "web": ""
      }
    },
    {
      "type": "Feature",
      "geometry": {
        "type": "Point",
        "coordinates": [
          9.3209712,
          44.3241158
        ]
      },
      "properties": {
        "nome": "CHIAVARI",
        "indirizzo": "VIA COL. FRANCESCHI 42",
        "citta": "CHIAVARI",
        "cap": "16043",
        "telefono": "",
        "email": "",
        "web": ""
      }
    },
    {
      "type": "Feature",
      "geometry": {
        "type": "Point",
        "coordinates": [
          14.1413422,
          42.3551551
        ]
      },
      "properties": {
        "nome": "CHIETI",
        "indirizzo": "VIA ORTONA 17",
        "citta": "CHIETI",
        "cap": "66100",
        "telefono": "",
        "email": "",
        "web": ""
      }
    },
    {
      "type": "Feature",
      "geometry": {
        "type": "Point",
        "coordinates": [
          9.5269248,
          45.6669834
        ]
      },
      "properties": {
        "nome": "CHIGNOLO D'ISOLA",
        "indirizzo": "VIA IV NOVEMBRE 5",
        "citta": "CHIGNOLO D ISOLA",
        "cap": "24040",
        "telefono": "",
        "email": "",
        "web": ""
      }
    },
    {
      "type": "Feature",
      "geometry": {
        "type": "Point",
        "coordinates": [
          12.7450941,
          45.8425463
        ]
      },
      "properties": {
        "nome": "CHIONS",
        "indirizzo": "PIAZZA DON DAVIDE- FRAZIONE BASEDO 5",
        "citta": "CHIONS",
        "cap": "33083",
        "telefono": "",
        "email": "",
        "web": ""
      }
    },
    {
      "type": "Feature",
      "geometry": {
        "type": "Point",
        "coordinates": [
          9.85111,
          45.651612
        ]
      },
      "properties": {
        "nome": "CHIUDUNO",
        "indirizzo": "VIA DELL ASSUNTA 8",
        "citta": "CHIUDUNO",
        "cap": "24060",
        "telefono": "",
        "email": "",
        "web": ""
      }
    },
    {
      "type": "Feature",
      "geometry": {
        "type": "Point",
        "coordinates": [
          13.2134115,
          43.3755782
        ]
      },
      "properties": {
        "nome": "CINGOLI",
        "indirizzo": "VIA  DELLA CARITA' 6",
        "citta": "CINGOLI",
        "cap": "62011",
        "telefono": "",
        "email": "",
        "web": ""
      }
    },
    {
      "type": "Feature",
      "geometry": {
        "type": "Point",
        "coordinates": [
          9.2195681,
          45.553536
        ]
      },
      "properties": {
        "nome": "CINISELLO BALSAMO",
        "indirizzo": "VIA CASATI 6",
        "citta": "CINISELLO BALSAMO",
        "cap": "20092",
        "telefono": "",
        "email": "",
        "web": ""
      }
    },
    {
      "type": "Feature",
      "geometry": {
        "type": "Point",
        "coordinates": [
          17.1302324,
          39.3646841
        ]
      },
      "properties": {
        "nome": "CIRO' MARINA",
        "indirizzo": "VIA CROTONE 20",
        "citta": "CIRO' MARINA",
        "cap": "88811",
        "telefono": "",
        "email": "",
        "web": ""
      }
    },
    {
      "type": "Feature",
      "geometry": {
        "type": "Point",
        "coordinates": [
          9.4696639,
          45.7430506
        ]
      },
      "properties": {
        "nome": "CISANO BERGAMASCO",
        "indirizzo": "VIA A. MANZONI 5",
        "citta": "CISANO BERGAMASCO",
        "cap": "24034",
        "telefono": "",
        "email": "",
        "web": ""
      }
    },
    {
      "type": "Feature",
      "geometry": {
        "type": "Point",
        "coordinates": [
          8.974518,
          45.660918
        ]
      },
      "properties": {
        "nome": "CISLAGO",
        "indirizzo": "VIA CESARE BATTISTI 825",
        "citta": "CISLAGO",
        "cap": "21040",
        "telefono": "",
        "email": "",
        "web": ""
      }
    },
    {
      "type": "Feature",
      "geometry": {
        "type": "Point",
        "coordinates": [
          12.8278765,
          41.5915023
        ]
      },
      "properties": {
        "nome": "CISTERNA DI LATINA",
        "indirizzo": "CORSO DELLA REPUBBLICA 186",
        "citta": "CISTERNA DI LATINA",
        "cap": "04012",
        "telefono": "",
        "email": "",
        "web": ""
      }
    },
    {
      "type": "Feature",
      "geometry": {
        "type": "Point",
        "coordinates": [
          12.2496759,
          43.455718
        ]
      },
      "properties": {
        "nome": "CITTA' DI CASTELLO",
        "indirizzo": "VIA CAROLINA TORREGGIANI 8",
        "citta": "CITTA' DI CASTELLO",
        "cap": "06012",
        "telefono": "",
        "email": "",
        "web": ""
      }
    },
    {
      "type": "Feature",
      "geometry": {
        "type": "Point",
        "coordinates": [
          16.076668,
          38.3593435
        ]
      },
      "properties": {
        "nome": "CITTANOVA",
        "indirizzo": "VIA TOSCANINI 6",
        "citta": "CITTANOVA",
        "cap": "89022",
        "telefono": "",
        "email": "",
        "web": ""
      }
    },
    {
      "type": "Feature",
      "geometry": {
        "type": "Point",
        "coordinates": [
          10.4924978,
          45.0657441
        ]
      },
      "properties": {
        "nome": "CIVIDALE MANTOVANO",
        "indirizzo": "VIA MATTEOTTI  80 - FRAZ. CIVIDALE MANTOVANO ",
        "citta": "RIVAROLO MANTOVANO",
        "cap": "46017",
        "telefono": "",
        "email": "",
        "web": ""
      }
    },
    {
      "type": "Feature",
      "geometry": {
        "type": "Point",
        "coordinates": [
          9.8327399,
          45.5542616
        ]
      },
      "properties": {
        "nome": "CIVIDATE AL PIANO",
        "indirizzo": "VIA MARCONI 60 ",
        "citta": "CIVIDATE AL PIANO",
        "cap": "24050",
        "telefono": "",
        "email": "",
        "web": ""
      }
    },
    {
      "type": "Feature",
      "geometry": {
        "type": "Point",
        "coordinates": [
          9.1972286,
          45.4789839
        ]
      },
      "properties": {
        "nome": "CIVIDATE CAMUNO",
        "indirizzo": "PIAZZA REPUBBLICA 1",
        "citta": "CIVIDATE CAMUNO",
        "cap": "25040",
        "telefono": "",
        "email": "",
        "web": ""
      }
    },
    {
      "type": "Feature",
      "geometry": {
        "type": "Point",
        "coordinates": [
          9.8907763,
          45.6117233
        ]
      },
      "properties": {
        "nome": "CIVIDINO QUINTANO ",
        "indirizzo": "VIA CADORNA 40",
        "citta": "CASTELLI CALEPIO",
        "cap": "24060",
        "telefono": "",
        "email": "",
        "web": ""
      }
    },
    {
      "type": "Feature",
      "geometry": {
        "type": "Point",
        "coordinates": [
          13.7280692,
          43.3069127
        ]
      },
      "properties": {
        "nome": "CIVITANOVA MARCHE",
        "indirizzo": "VIA B.BUOZZI 20",
        "citta": "CIVITANOVA MARCHE",
        "cap": "62012",
        "telefono": "",
        "email": "",
        "web": ""
      }
    },
    {
      "type": "Feature",
      "geometry": {
        "type": "Point",
        "coordinates": [
          9.9728941,
          45.5663232
        ]
      },
      "properties": {
        "nome": "COCCAGLIO",
        "indirizzo": "VIA P. MARCOLINI C/O CASA DELLA SOLIDARIETA' 7",
        "citta": "COCCAGLIO",
        "cap": "25030",
        "telefono": "",
        "email": "",
        "web": ""
      }
    },
    {
      "type": "Feature",
      "geometry": {
        "type": "Point",
        "coordinates": [
          12.105587,
          44.8310041
        ]
      },
      "properties": {
        "nome": "CODIGORO",
        "indirizzo": "VIA PRAMPOLINI 5",
        "citta": "CODIGORO",
        "cap": "44021",
        "telefono": "",
        "email": "",
        "web": ""
      }
    },
    {
      "type": "Feature",
      "geometry": {
        "type": "Point",
        "coordinates": [
          9.3705451,
          46.1360112
        ]
      },
      "properties": {
        "nome": "COLICO",
        "indirizzo": "VIA G. MAZZINI 6/B",
        "citta": "COLICO",
        "cap": "23823",
        "telefono": "",
        "email": "",
        "web": ""
      }
    },
    {
      "type": "Feature",
      "geometry": {
        "type": "Point",
        "coordinates": [
          12.3430613,
          45.9445811
        ]
      },
      "properties": {
        "nome": "COLLE UMBERTO",
        "indirizzo": "VIA GARIBALDI 2",
        "citta": "COLLE UMBERTO",
        "cap": "31014",
        "telefono": "",
        "email": "",
        "web": ""
      }
    },
    {
      "type": "Feature",
      "geometry": {
        "type": "Point",
        "coordinates": [
          10.366267,
          45.8097509
        ]
      },
      "properties": {
        "nome": "COLLIO VAL TROMPIA",
        "indirizzo": "VIA MANIVA 40",
        "citta": "COLLIO",
        "cap": "25060",
        "telefono": "",
        "email": "",
        "web": ""
      }
    },
    {
      "type": "Feature",
      "geometry": {
        "type": "Point",
        "coordinates": [
          11.3851085,
          45.3113896
        ]
      },
      "properties": {
        "nome": "COLOGNA VENETA",
        "indirizzo": "VIA CAVOUR 68",
        "citta": "COLOGNA VENETA",
        "cap": "37044",
        "telefono": "",
        "email": "",
        "web": ""
      }
    },
    {
      "type": "Feature",
      "geometry": {
        "type": "Point",
        "coordinates": [
          9.7113325,
          45.5833927
        ]
      },
      "properties": {
        "nome": "COLOGNO AL SERIO ",
        "indirizzo": "VAI A. DE GASPERI 20",
        "citta": "COLOGNO AL SERIO",
        "cap": "24055",
        "telefono": "",
        "email": "",
        "web": ""
      }
    },
    {
      "type": "Feature",
      "geometry": {
        "type": "Point",
        "coordinates": [
          9.277581,
          45.523522
        ]
      },
      "properties": {
        "nome": "COLOGNO MONZESE",
        "indirizzo": "VIA TURATI 1",
        "citta": "COLOGNO MONZESE",
        "cap": "20093",
        "telefono": "",
        "email": "",
        "web": ""
      }
    },
    {
      "type": "Feature",
      "geometry": {
        "type": "Point",
        "coordinates": [
          9.6636907,
          45.6743711
        ]
      },
      "properties": {
        "nome": "COLOGNOLA - BERGAMO",
        "indirizzo": "VIA S. SISTO 9",
        "citta": "BERGAMO",
        "cap": "24126",
        "telefono": "",
        "email": "",
        "web": ""
      }
    },
    {
      "type": "Feature",
      "geometry": {
        "type": "Point",
        "coordinates": [
          11.1637443,
          45.4239272
        ]
      },
      "properties": {
        "nome": "COLOGNOLA AI COLLI",
        "indirizzo": "VIA CALCINESE 25",
        "citta": "COLOGNOLA AI COLLI",
        "cap": "37030",
        "telefono": "",
        "email": "",
        "web": ""
      }
    },
    {
      "type": "Feature",
      "geometry": {
        "type": "Point",
        "coordinates": [
          9.9480869,
          45.4730334
        ]
      },
      "properties": {
        "nome": "COMEZZANO-CIZZAGO",
        "indirizzo": "VIA MARCONI  4",
        "citta": "COMEZZANO-CIZZAGO",
        "cap": "25030",
        "telefono": "",
        "email": "",
        "web": ""
      }
    },
    {
      "type": "Feature",
      "geometry": {
        "type": "Point",
        "coordinates": [
          9.0895588,
          45.7910093
        ]
      },
      "properties": {
        "nome": "COMO",
        "indirizzo": "Via Napoleona 60",
        "citta": "COMO",
        "cap": "22100",
        "telefono": "",
        "email": "",
        "web": ""
      }
    },
    {
      "type": "Feature",
      "geometry": {
        "type": "Point",
        "coordinates": [
          9.6447306,
          45.6192867
        ]
      },
      "properties": {
        "nome": "COMUN NUOVO",
        "indirizzo": "VIA MARCONI ",
        "citta": "COMUN NUOVO",
        "cap": "24040",
        "telefono": "",
        "email": "",
        "web": ""
      }
    },
    {
      "type": "Feature",
      "geometry": {
        "type": "Point",
        "coordinates": [
          11.7419883,
          45.0955349
        ]
      },
      "properties": {
        "nome": "CONCADIRAME",
        "indirizzo": "VIA BASSA 1",
        "citta": "CONCADIRAME",
        "cap": "45100",
        "telefono": "",
        "email": "",
        "web": ""
      }
    },
    {
      "type": "Feature",
      "geometry": {
        "type": "Point",
        "coordinates": [
          11.139649,
          45.207428
        ]
      },
      "properties": {
        "nome": "CONCAMARISE",
        "indirizzo": "VIA CAPITELLO 39",
        "citta": "CONCAMARISE",
        "cap": "37050",
        "telefono": "",
        "email": "",
        "web": ""
      }
    },
    {
      "type": "Feature",
      "geometry": {
        "type": "Point",
        "coordinates": [
          12.8462672,
          45.755577
        ]
      },
      "properties": {
        "nome": "CONCORDIA SAGITTARIA",
        "indirizzo": "VIA ROMA 55",
        "citta": "CONCORDIA SAGITTARIA",
        "cap": "30023",
        "telefono": "",
        "email": "",
        "web": ""
      }
    },
    {
      "type": "Feature",
      "geometry": {
        "type": "Point",
        "coordinates": [
          12.784571,
          42.3933209
        ]
      },
      "properties": {
        "nome": "CONTIGLIANO",
        "indirizzo": "VIA FONTE CERRO SUD 16/C",
        "citta": "CONTIGLIANO",
        "cap": "02043",
        "telefono": "",
        "email": "",
        "web": ""
      }
    },
    {
      "type": "Feature",
      "geometry": {
        "type": "Point",
        "coordinates": [
          16.4117521,
          41.1536866
        ]
      },
      "properties": {
        "nome": "CORATO",
        "indirizzo": "VIA LARGHETTO SAN BENEDETTO SNC",
        "citta": "CORATO",
        "cap": "70033",
        "telefono": "",
        "email": "",
        "web": ""
      }
    },
    {
      "type": "Feature",
      "geometry": {
        "type": "Point",
        "coordinates": [
          8.9191168,
          45.4685403
        ]
      },
      "properties": {
        "nome": "CORBETTA",
        "indirizzo": "VIA ROMA 12",
        "citta": "CORBETTA",
        "cap": "20011",
        "telefono": "",
        "email": "",
        "web": ""
      }
    },
    {
      "type": "Feature",
      "geometry": {
        "type": "Point",
        "coordinates": [
          18.2556609,
          40.1622465
        ]
      },
      "properties": {
        "nome": "CORIGLIANO D'OTRANTO",
        "indirizzo": "VIA SAN MARTINO 39",
        "citta": "CORIGLIANO",
        "cap": "73022",
        "telefono": "",
        "email": "",
        "web": ""
      }
    },
    {
      "type": "Feature",
      "geometry": {
        "type": "Point",
        "coordinates": [
          12.0096242,
          45.829345
        ]
      },
      "properties": {
        "nome": "CORNUDA",
        "indirizzo": "VIA G. PASCOLI 5/C",
        "citta": "CORNUDA",
        "cap": "31041",
        "telefono": "",
        "email": "",
        "web": ""
      }
    },
    {
      "type": "Feature",
      "geometry": {
        "type": "Point",
        "coordinates": [
          9.087771,
          45.4281405
        ]
      },
      "properties": {
        "nome": "CORSICO- TREZZANO SUL NAVIGLIO ",
        "indirizzo": "VIA ELIO VITTORINI 14",
        "citta": "CORSICO",
        "cap": "20094",
        "telefono": "",
        "email": "",
        "web": ""
      }
    },
    {
      "type": "Feature",
      "geometry": {
        "type": "Point",
        "coordinates": [
          9.9947407,
          45.6428795
        ]
      },
      "properties": {
        "nome": "CORTE FRANCA",
        "indirizzo": "VIA DANTE ALIGHIERI 6",
        "citta": "CORTE FRANCA",
        "cap": "25040",
        "telefono": "",
        "email": "",
        "web": ""
      }
    },
    {
      "type": "Feature",
      "geometry": {
        "type": "Point",
        "coordinates": [
          9.9293632,
          44.9960295
        ]
      },
      "properties": {
        "nome": "CORTEMAGGIORE",
        "indirizzo": "VIA LIBERTA' 6",
        "citta": "CORTEMAGGIORE",
        "cap": "29016",
        "telefono": "",
        "email": "",
        "web": ""
      }
    },
    {
      "type": "Feature",
      "geometry": {
        "type": "Point",
        "coordinates": [
          9.7928967,
          45.664685
        ]
      },
      "properties": {
        "nome": "COSTA DI MEZZATE",
        "indirizzo": "PIAZZA XXV APRILE 9",
        "citta": "COSTA DI MEZZATE",
        "cap": "24060",
        "telefono": "",
        "email": "",
        "web": ""
      }
    },
    {
      "type": "Feature",
      "geometry": {
        "type": "Point",
        "coordinates": [
          11.6935159,
          45.0486287
        ]
      },
      "properties": {
        "nome": "COSTA DI ROVIGO",
        "indirizzo": "VIA SCARDONA 7",
        "citta": "COSTA DI ROVIGO",
        "cap": "45023",
        "telefono": "",
        "email": "",
        "web": ""
      }
    },
    {
      "type": "Feature",
      "geometry": {
        "type": "Point",
        "coordinates": [
          9.2739685,
          45.7708108
        ]
      },
      "properties": {
        "nome": "COSTA MASNAGA",
        "indirizzo": "VIA CAV. GIOVANNI MAZZONI 8",
        "citta": "COSTA MASNAGA",
        "cap": "23845",
        "telefono": "",
        "email": "",
        "web": ""
      }
    },
    {
      "type": "Feature",
      "geometry": {
        "type": "Point",
        "coordinates": [
          9.5415154,
          46.1449793
        ]
      },
      "properties": {
        "nome": "COSTIERA DEI CECH",
        "indirizzo": "VIA PALOTTA 94",
        "citta": "TRAONA",
        "cap": "23019",
        "telefono": "",
        "email": "",
        "web": ""
      }
    },
    {
      "type": "Feature",
      "geometry": {
        "type": "Point",
        "coordinates": [
          16.775483,
          39.1644056
        ]
      },
      "properties": {
        "nome": "COTRONEI",
        "indirizzo": "VIA LAGHI SILANI 48",
        "citta": "COTRONEI",
        "cap": "88836",
        "telefono": "",
        "email": "",
        "web": ""
      }
    },
    {
      "type": "Feature",
      "geometry": {
        "type": "Point",
        "coordinates": [
          11.4856001,
          45.5308478
        ]
      },
      "properties": {
        "nome": "CREAZZO",
        "indirizzo": "VIA DON MINZONI  4",
        "citta": "CREAZZO",
        "cap": "36051",
        "telefono": "",
        "email": "",
        "web": ""
      }
    },
    {
      "type": "Feature",
      "geometry": {
        "type": "Point",
        "coordinates": [
          9.9245329,
          45.6509869
        ]
      },
      "properties": {
        "nome": "CREDARO",
        "indirizzo": "VIA CASTEL TREBECCO 13/A",
        "citta": "CREDARO",
        "cap": "24060",
        "telefono": "",
        "email": "",
        "web": ""
      }
    },
    {
      "type": "Feature",
      "geometry": {
        "type": "Point",
        "coordinates": [
          9.6797867,
          45.3619369
        ]
      },
      "properties": {
        "nome": "CREMA",
        "indirizzo": "VIA GRAMSCI 13 C/O ATS",
        "citta": "CREMA",
        "cap": "26013",
        "telefono": "",
        "email": "",
        "web": ""
      }
    },
    {
      "type": "Feature",
      "geometry": {
        "type": "Point",
        "coordinates": [
          10.4692654,
          45.0293522
        ]
      },
      "properties": {
        "nome": "CREMONA",
        "indirizzo": "VIA F. APORTI 28",
        "citta": "CREMONA",
        "cap": "26100",
        "telefono": "",
        "email": "",
        "web": ""
      }
    },
    {
      "type": "Feature",
      "geometry": {
        "type": "Point",
        "coordinates": [
          11.823398,
          45.8219244
        ]
      },
      "properties": {
        "nome": "CRESPANO DEL GRAPPA",
        "indirizzo": "VIA GHERLA 30",
        "citta": "CRESPANO DEL GRAPPA",
        "cap": "31017",
        "telefono": "",
        "email": "",
        "web": ""
      }
    },
    {
      "type": "Feature",
      "geometry": {
        "type": "Point",
        "coordinates": [
          12.0722184,
          45.8275873
        ]
      },
      "properties": {
        "nome": "CROCETTA DEL MONTELLO",
        "indirizzo": "VIA FRANCESCO BARACCA 24",
        "citta": "CROCETTA DEL MONTELLO",
        "cap": "31035",
        "telefono": "",
        "email": "",
        "web": ""
      }
    },
    {
      "type": "Feature",
      "geometry": {
        "type": "Point",
        "coordinates": [
          17.1271102,
          39.0807932
        ]
      },
      "properties": {
        "nome": "CROTONE",
        "indirizzo": "VIA BOLOGNA C/O OSPEDALE CIVILE ASL N. 5 SNC",
        "citta": "CROTONE",
        "cap": "88900",
        "telefono": "",
        "email": "",
        "web": ""
      }
    },
    {
      "type": "Feature",
      "geometry": {
        "type": "Point",
        "coordinates": [
          8.8146663,
          45.5014414
        ]
      },
      "properties": {
        "nome": "CUGGIONO ",
        "indirizzo": "VIA DON ALBENI 3",
        "citta": "CUGGIONO",
        "cap": "20012",
        "telefono": "",
        "email": "",
        "web": ""
      }
    },
    {
      "type": "Feature",
      "geometry": {
        "type": "Point",
        "coordinates": [
          8.5635295,
          40.1869484
        ]
      },
      "properties": {
        "nome": "CUGLIERI",
        "indirizzo": "VIA PIAVE 1",
        "citta": "CUGLIERI",
        "cap": "09073",
        "telefono": "",
        "email": "",
        "web": ""
      }
    },
    {
      "type": "Feature",
      "geometry": {
        "type": "Point",
        "coordinates": [
          7.8527959,
          44.6952656
        ]
      },
      "properties": {
        "nome": "CUNEO",
        "indirizzo": "VIA PRINCIPI DI PIEMONTE C/O VERGNANO GIANFRANCO 15",
        "citta": "BRA",
        "cap": "12042",
        "telefono": "",
        "email": "",
        "web": ""
      }
    },
    {
      "type": "Feature",
      "geometry": {
        "type": "Point",
        "coordinates": [
          7.5341955,
          44.3710731
        ]
      },
      "properties": {
        "nome": "CUNEO/BORGO SAN DALMAZZO",
        "indirizzo": "C/O FILIPPI GIANFRANCO VIA BEPPE FENOGLIO 39",
        "citta": "CUNEO",
        "cap": "12100",
        "telefono": "",
        "email": "",
        "web": ""
      }
    },
    {
      "type": "Feature",
      "geometry": {
        "type": "Point",
        "coordinates": [
          7.6488694,
          45.3914799
        ]
      },
      "properties": {
        "nome": "CUORGNE'",
        "indirizzo": "VIA GARIBALDI 11",
        "citta": "CUORGNE'",
        "cap": "10082",
        "telefono": "",
        "email": "",
        "web": ""
      }
    },
    {
      "type": "Feature",
      "geometry": {
        "type": "Point",
        "coordinates": [
          13.8581917,
          43.0265271
        ]
      },
      "properties": {
        "nome": "CUPRA MARITTIMA",
        "indirizzo": "VIA VITTORIO EMANUELE 51",
        "citta": "CUPRA MARITTIMA",
        "cap": "63074",
        "telefono": "",
        "email": "",
        "web": ""
      }
    },
    {
      "type": "Feature",
      "geometry": {
        "type": "Point",
        "coordinates": [
          9.6086277,
          45.6872864
        ]
      },
      "properties": {
        "nome": "CURNO",
        "indirizzo": "VIA IV NOVEMBRE 25",
        "citta": "CURNO",
        "cap": "24035",
        "telefono": "",
        "email": "",
        "web": ""
      }
    },
    {
      "type": "Feature",
      "geometry": {
        "type": "Point",
        "coordinates": [
          10.6960268,
          45.0936118
        ]
      },
      "properties": {
        "nome": "CURTATONE",
        "indirizzo": "VIA MAGGIOLINI 12",
        "citta": "CURTATONE",
        "cap": "46010",
        "telefono": "",
        "email": "",
        "web": ""
      }
    },
    {
      "type": "Feature",
      "geometry": {
        "type": "Point",
        "coordinates": [
          9.1754528,
          45.5488037
        ]
      },
      "properties": {
        "nome": "CUSANO MILANINO - CORMANO ",
        "indirizzo": "VIA ZUCCHI 1",
        "citta": "CUSANO MILANINO",
        "cap": "20095",
        "telefono": "",
        "email": "",
        "web": ""
      }
    },
    {
      "type": "Feature",
      "geometry": {
        "type": "Point",
        "coordinates": [
          16.974633,
          39.0359151
        ]
      },
      "properties": {
        "nome": "CUTRO",
        "indirizzo": "VIA GIOVANNI XXIII C/O POLIAMBULATORIO ASP SNC",
        "citta": "CUTRO",
        "cap": "88842",
        "telefono": "",
        "email": "",
        "web": ""
      }
    },
    {
      "type": "Feature",
      "geometry": {
        "type": "Point",
        "coordinates": [
          8.8653494,
          45.5687833
        ]
      },
      "properties": {
        "nome": "DAIRAGO",
        "indirizzo": "VIA D. CHIESA 14",
        "citta": "DAIRAGO",
        "cap": "20020",
        "telefono": "",
        "email": "",
        "web": ""
      }
    },
    {
      "type": "Feature",
      "geometry": {
        "type": "Point",
        "coordinates": [
          9.600285,
          45.6470051
        ]
      },
      "properties": {
        "nome": "DALMINE",
        "indirizzo": "PIAZZALE RISORGIMENTO 10",
        "citta": "DALMINE",
        "cap": "24044",
        "telefono": "",
        "email": "",
        "web": ""
      }
    },
    {
      "type": "Feature",
      "geometry": {
        "type": "Point",
        "coordinates": [
          9.2094548,
          45.6196255
        ]
      },
      "properties": {
        "nome": "DESIO",
        "indirizzo": "VIA GRAMSCI 18",
        "citta": "DESIO",
        "cap": "20832",
        "telefono": "",
        "email": "",
        "web": ""
      }
    },
    {
      "type": "Feature",
      "geometry": {
        "type": "Point",
        "coordinates": [
          7.9477869,
          44.5308236
        ]
      },
      "properties": {
        "nome": "DOGLIANI",
        "indirizzo": "VIALE PROF. GABETTI 166",
        "citta": "DOGLIANI",
        "cap": "12063",
        "telefono": "",
        "email": "",
        "web": ""
      }
    },
    {
      "type": "Feature",
      "geometry": {
        "type": "Point",
        "coordinates": [
          12.071579,
          45.4213518
        ]
      },
      "properties": {
        "nome": "DOLO",
        "indirizzo": "VIA XXIX APRILE C/O ULSS 13 2",
        "citta": "DOLO",
        "cap": "30031",
        "telefono": "",
        "email": "",
        "web": ""
      }
    },
    {
      "type": "Feature",
      "geometry": {
        "type": "Point",
        "coordinates": [
          10.9148777,
          45.3941895
        ]
      },
      "properties": {
        "nome": "DOSSOBUONO",
        "indirizzo": "VIA DEI MILLE 6",
        "citta": "DOSSOBUONO",
        "cap": "37062",
        "telefono": "",
        "email": "",
        "web": ""
      }
    },
    {
      "type": "Feature",
      "geometry": {
        "type": "Point",
        "coordinates": [
          9.5518262,
          45.3633437
        ]
      },
      "properties": {
        "nome": "DOVERA",
        "indirizzo": "VIA VITTORIO EMANUELE 8/10",
        "citta": "DOVERA",
        "cap": "26010",
        "telefono": "",
        "email": "",
        "web": ""
      }
    },
    {
      "type": "Feature",
      "geometry": {
        "type": "Point",
        "coordinates": [
          9.0515805,
          39.2634329
        ]
      },
      "properties": {
        "nome": "ELMAS",
        "indirizzo": "PIAZZA DI CHIESA 3",
        "citta": "ELMAS",
        "cap": "09030",
        "telefono": "",
        "email": "",
        "web": ""
      }
    },
    {
      "type": "Feature",
      "geometry": {
        "type": "Point",
        "coordinates": [
          11.3437824,
          44.5086074
        ]
      },
      "properties": {
        "nome": "EMILIA-ROMAGNA",
        "indirizzo": "VIA ALESSANDRO TIARINI 21/2",
        "citta": "BOLOGNA",
        "cap": "40129",
        "telefono": "",
        "email": "",
        "web": ""
      }
    },
    {
      "type": "Feature",
      "geometry": {
        "type": "Point",
        "coordinates": [
          9.8746209,
          45.7054038
        ]
      },
      "properties": {
        "nome": "ENTRATICO",
        "indirizzo": "PIAZZA ALDO MORO 8",
        "citta": "ENTRATICO",
        "cap": "24060",
        "telefono": "",
        "email": "",
        "web": ""
      }
    },
    {
      "type": "Feature",
      "geometry": {
        "type": "Point",
        "coordinates": [
          17.728092,
          40.429503
        ]
      },
      "properties": {
        "nome": "ERCHIE",
        "indirizzo": "VIA DELLA LIBERTA' 1",
        "citta": "ERCHIE",
        "cap": "72020",
        "telefono": "",
        "email": "",
        "web": ""
      }
    },
    {
      "type": "Feature",
      "geometry": {
        "type": "Point",
        "coordinates": [
          12.9514402,
          43.2522756
        ]
      },
      "properties": {
        "nome": "ESANATOGLIA",
        "indirizzo": "VIA ROMA 25",
        "citta": "ESANATOGLIA",
        "cap": "62024",
        "telefono": "",
        "email": "",
        "web": ""
      }
    },
    {
      "type": "Feature",
      "geometry": {
        "type": "Point",
        "coordinates": [
          11.8786615,
          44.2868524
        ]
      },
      "properties": {
        "nome": "FAENZA",
        "indirizzo": "VIA CAVOUR 7",
        "citta": "FAENZA",
        "cap": "48018",
        "telefono": "",
        "email": "",
        "web": ""
      }
    },
    {
      "type": "Feature",
      "geometry": {
        "type": "Point",
        "coordinates": [
          8.8716951,
          45.6699445
        ]
      },
      "properties": {
        "nome": "FAGNANO OLONA",
        "indirizzo": "PIAZZA GRAMSCI 1",
        "citta": "FAGNANO OLONA",
        "cap": "21054",
        "telefono": "",
        "email": "",
        "web": ""
      }
    },
    {
      "type": "Feature",
      "geometry": {
        "type": "Point",
        "coordinates": [
          12.132095,
          45.872575
        ]
      },
      "properties": {
        "nome": "FALZE' - SERNAGLIA DELLA BATTAGLIA",
        "indirizzo": "VIA FARRA 104",
        "citta": "SERNAGLIA DELLA BATTAGLIA",
        "cap": "31010",
        "telefono": "",
        "email": "",
        "web": ""
      }
    },
    {
      "type": "Feature",
      "geometry": {
        "type": "Point",
        "coordinates": [
          10.7951029,
          44.2071169
        ]
      },
      "properties": {
        "nome": "FANANO",
        "indirizzo": "VIA SABBATINI 29",
        "citta": "FANANO",
        "cap": "41021",
        "telefono": "",
        "email": "",
        "web": ""
      }
    },
    {
      "type": "Feature",
      "geometry": {
        "type": "Point",
        "coordinates": [
          13.0186954,
          43.842999
        ]
      },
      "properties": {
        "nome": "FANO",
        "indirizzo": "VIA S. FRANCESCO 54",
        "citta": "FANO",
        "cap": "61032",
        "telefono": "",
        "email": "",
        "web": ""
      }
    },
    {
      "type": "Feature",
      "geometry": {
        "type": "Point",
        "coordinates": [
          9.53414,
          45.5536133
        ]
      },
      "properties": {
        "nome": "FARA GERA D'ADDA",
        "indirizzo": "PIAZZA PATRIOTI 1",
        "citta": "FARA GERA D ADDA",
        "cap": "24045",
        "telefono": "",
        "email": "",
        "web": ""
      }
    },
    {
      "type": "Feature",
      "geometry": {
        "type": "Point",
        "coordinates": [
          9.7481681,
          45.4944271
        ]
      },
      "properties": {
        "nome": "FARA OLIVANA CON SOLA",
        "indirizzo": "VIA ALLA CHIESA 7",
        "citta": "FARA OLIVANA CON SOLA",
        "cap": "24058",
        "telefono": "",
        "email": "",
        "web": ""
      }
    },
    {
      "type": "Feature",
      "geometry": {
        "type": "Point",
        "coordinates": [
          14.339067,
          40.8141218
        ]
      },
      "properties": {
        "nome": "FASANO",
        "indirizzo": "VIA PORTICI DELLE TERESIANE 1",
        "citta": "FASANO",
        "cap": "72015",
        "telefono": "",
        "email": "",
        "web": ""
      }
    },
    {
      "type": "Feature",
      "geometry": {
        "type": "Point",
        "coordinates": [
          13.6489079,
          37.3061557
        ]
      },
      "properties": {
        "nome": "FAVARA",
        "indirizzo": "VIA ALDO MORO 89",
        "citta": "FAVARA",
        "cap": "92026",
        "telefono": "",
        "email": "",
        "web": ""
      }
    },
    {
      "type": "Feature",
      "geometry": {
        "type": "Point",
        "coordinates": [
          11.3524376,
          44.9823475
        ]
      },
      "properties": {
        "nome": "FELONICA",
        "indirizzo": "PIAZZA MUNICIPIO 16 - FRAZ. FELONICA",
        "citta": "FELONICA",
        "cap": "46022",
        "telefono": "",
        "email": "",
        "web": ""
      }
    },
    {
      "type": "Feature",
      "geometry": {
        "type": "Point",
        "coordinates": [
          13.7636037,
          43.247226
        ]
      },
      "properties": {
        "nome": "FERMO",
        "indirizzo": "VIA DEL PALO 11",
        "citta": "PORTO SANT'ELPIDIO",
        "cap": "63821",
        "telefono": "",
        "email": "",
        "web": ""
      }
    },
    {
      "type": "Feature",
      "geometry": {
        "type": "Point",
        "coordinates": [
          13.7163869,
          43.1595125
        ]
      },
      "properties": {
        "nome": "FERMO",
        "indirizzo": "VIA DEL BASTIONE 3",
        "citta": "FERMO",
        "cap": "63900",
        "telefono": "",
        "email": "",
        "web": ""
      }
    },
    {
      "type": "Feature",
      "geometry": {
        "type": "Point",
        "coordinates": [
          11.6289287,
          44.8217738
        ]
      },
      "properties": {
        "nome": "FERRARA",
        "indirizzo": "VIA RAVENNA 52",
        "citta": "FERRARA",
        "cap": "44124",
        "telefono": "",
        "email": "",
        "web": ""
      }
    },
    {
      "type": "Feature",
      "geometry": {
        "type": "Point",
        "coordinates": [
          11.4364526,
          44.9541498
        ]
      },
      "properties": {
        "nome": "FICAROLO",
        "indirizzo": "PIAZZETTA MADRE TERESA DI CALCUTTA 221",
        "citta": "FICAROLO",
        "cap": "45036",
        "telefono": "",
        "email": "",
        "web": ""
      }
    },
    {
      "type": "Feature",
      "geometry": {
        "type": "Point",
        "coordinates": [
          12.0419769,
          45.4173206
        ]
      },
      "properties": {
        "nome": "FIESSO D'ARTICO",
        "indirizzo": "VIA RIVIERA DEL BRENTA 204",
        "citta": "FIESSO D'ARTICO",
        "cap": "30032",
        "telefono": "",
        "email": "",
        "web": ""
      }
    },
    {
      "type": "Feature",
      "geometry": {
        "type": "Point",
        "coordinates": [
          11.6024639,
          44.960899
        ]
      },
      "properties": {
        "nome": "FIESSO UMBERTIANO",
        "indirizzo": "VIA DANTE ALIGHIERI 66",
        "citta": "FIESSO UMBERTIANO",
        "cap": "45024",
        "telefono": "",
        "email": "",
        "web": ""
      }
    },
    {
      "type": "Feature",
      "geometry": {
        "type": "Point",
        "coordinates": [
          9.5550919,
          45.6373024
        ]
      },
      "properties": {
        "nome": "FILAGO",
        "indirizzo": "VIA FINARDI ",
        "citta": "FILAGO",
        "cap": "24040",
        "telefono": "",
        "email": "",
        "web": ""
      }
    },
    {
      "type": "Feature",
      "geometry": {
        "type": "Point",
        "coordinates": [
          9.8427402,
          45.7994632
        ]
      },
      "properties": {
        "nome": "FIORANO AL SERIO",
        "indirizzo": "VIA GENNARO SORA 25",
        "citta": "FIORANO AL SERIO",
        "cap": "24020",
        "telefono": "",
        "email": "",
        "web": ""
      }
    },
    {
      "type": "Feature",
      "geometry": {
        "type": "Point",
        "coordinates": [
          10.1769699,
          45.4825196
        ]
      },
      "properties": {
        "nome": "FLERO",
        "indirizzo": "VIA MAZZINI  9",
        "citta": "FLERO",
        "cap": "25020",
        "telefono": "",
        "email": "",
        "web": ""
      }
    },
    {
      "type": "Feature",
      "geometry": {
        "type": "Point",
        "coordinates": [
          15.540924,
          41.4569931
        ]
      },
      "properties": {
        "nome": "FOGGIA",
        "indirizzo": "VIA NAZARIO SAURO 1",
        "citta": "FOGGIA",
        "cap": "71121",
        "telefono": "",
        "email": "",
        "web": ""
      }
    },
    {
      "type": "Feature",
      "geometry": {
        "type": "Point",
        "coordinates": [
          11.8180392,
          43.2524608
        ]
      },
      "properties": {
        "nome": "FOIANO DELLA CHIANA",
        "indirizzo": "VIALE VITTORIO EMANUELE  20",
        "citta": "FOIANO DELLA CHIANA",
        "cap": "52045",
        "telefono": "",
        "email": "",
        "web": ""
      }
    },
    {
      "type": "Feature",
      "geometry": {
        "type": "Point",
        "coordinates": [
          12.705911,
          42.9585859
        ]
      },
      "properties": {
        "nome": "FOLIGNO",
        "indirizzo": "VIA DEI MOLINI 4",
        "citta": "FOLIGNO",
        "cap": "06034",
        "telefono": "",
        "email": "",
        "web": ""
      }
    },
    {
      "type": "Feature",
      "geometry": {
        "type": "Point",
        "coordinates": [
          12.1147029,
          45.9509795
        ]
      },
      "properties": {
        "nome": "FOLLINA",
        "indirizzo": "VIA CAL DELLA FORNACE 2",
        "citta": "FOLLINA",
        "cap": "31051",
        "telefono": "",
        "email": "",
        "web": ""
      }
    },
    {
      "type": "Feature",
      "geometry": {
        "type": "Point",
        "coordinates": [
          12.5603088,
          45.9798733
        ]
      },
      "properties": {
        "nome": "FONTANAFREDDA",
        "indirizzo": "VIA STRINGHER 2",
        "citta": "FONTANAFREDDA",
        "cap": "33074",
        "telefono": "",
        "email": "",
        "web": ""
      }
    },
    {
      "type": "Feature",
      "geometry": {
        "type": "Point",
        "coordinates": [
          12.4529,
          45.82636
        ]
      },
      "properties": {
        "nome": "FONTANELLE",
        "indirizzo": "VIA DELLA VITTORIA 40",
        "citta": "FONTANELLE",
        "cap": "31043",
        "telefono": "",
        "email": "",
        "web": ""
      }
    },
    {
      "type": "Feature",
      "geometry": {
        "type": "Point",
        "coordinates": [
          8.1924372,
          45.1960688
        ]
      },
      "properties": {
        "nome": "FONTANETTO PO",
        "indirizzo": "VIA VIOTTI 34",
        "citta": "FONTANETTO PO",
        "cap": "13040",
        "telefono": "",
        "email": "",
        "web": ""
      }
    },
    {
      "type": "Feature",
      "geometry": {
        "type": "Point",
        "coordinates": [
          9.9067391,
          45.6967814
        ]
      },
      "properties": {
        "nome": "FORESTO SPARSO",
        "indirizzo": "VIA ROMA 18",
        "citta": "FORESTO SPARSO",
        "cap": "24060",
        "telefono": "",
        "email": "",
        "web": ""
      }
    },
    {
      "type": "Feature",
      "geometry": {
        "type": "Point",
        "coordinates": [
          12.0412375,
          44.2182042
        ]
      },
      "properties": {
        "nome": "FORLI'-CESENA",
        "indirizzo": "VIA GIACOMO DELLA TORRE 7",
        "citta": "FORLI'",
        "cap": "47121",
        "telefono": "",
        "email": "",
        "web": ""
      }
    },
    {
      "type": "Feature",
      "geometry": {
        "type": "Point",
        "coordinates": [
          9.6761617,
          45.49688
        ]
      },
      "properties": {
        "nome": "FORNOVO SAN GIOVANNI",
        "indirizzo": "PIAZZA SAN GIOVANNI ",
        "citta": "FORNOVO SAN GIOVANNI",
        "cap": "24040",
        "telefono": "",
        "email": "",
        "web": ""
      }
    },
    {
      "type": "Feature",
      "geometry": {
        "type": "Point",
        "coordinates": [
          7.5356688,
          44.420449
        ]
      },
      "properties": {
        "nome": "FOSSANO",
        "indirizzo": "VIA E. RABIA 5/A",
        "citta": "CUNEO",
        "cap": "12100",
        "telefono": "",
        "email": "",
        "web": ""
      }
    },
    {
      "type": "Feature",
      "geometry": {
        "type": "Point",
        "coordinates": [
          12.0455616,
          45.3857245
        ]
      },
      "properties": {
        "nome": "FOSSO'",
        "indirizzo": "VIA ROMA ",
        "citta": "FOSSO'",
        "cap": "30030",
        "telefono": "",
        "email": "",
        "web": ""
      }
    },
    {
      "type": "Feature",
      "geometry": {
        "type": "Point",
        "coordinates": [
          17.5838864,
          40.5272491
        ]
      },
      "properties": {
        "nome": "FRANCAVILLA FONTANA",
        "indirizzo": "PIAZZA MARESCIALLO DI MITRI 1",
        "citta": "FRANCAVILLA FONTANA",
        "cap": "72021",
        "telefono": "",
        "email": "",
        "web": ""
      }
    },
    {
      "type": "Feature",
      "geometry": {
        "type": "Point",
        "coordinates": [
          16.2051149,
          40.0801475
        ]
      },
      "properties": {
        "nome": "FRANCAVILLA IN SINNI ",
        "indirizzo": "VIA CERTOSA (CASA CANONICA) 1",
        "citta": "FRANCAVILLA IN SINNI",
        "cap": "85034",
        "telefono": "",
        "email": "",
        "web": ""
      }
    },
    {
      "type": "Feature",
      "geometry": {
        "type": "Point",
        "coordinates": [
          11.636095,
          45.0287727
        ]
      },
      "properties": {
        "nome": "FRATTA POLESINE",
        "indirizzo": "VIA MARCO FORTINI 3",
        "citta": "FRATTA POLESINE",
        "cap": "45025",
        "telefono": "",
        "email": "",
        "web": ""
      }
    },
    {
      "type": "Feature",
      "geometry": {
        "type": "Point",
        "coordinates": [
          12.661452,
          45.9563684
        ]
      },
      "properties": {
        "nome": "FRIULI VENEZIA GIULIA",
        "indirizzo": "VIA MONTEREALE 24",
        "citta": "PORDENONE",
        "cap": "33170",
        "telefono": "",
        "email": "",
        "web": ""
      }
    },
    {
      "type": "Feature",
      "geometry": {
        "type": "Point",
        "coordinates": [
          13.5576516,
          41.2192991
        ]
      },
      "properties": {
        "nome": "GAETA",
        "indirizzo": "VIA DEI FRASSINI C/O PARROCCHIA SANTO STEFANO SNC",
        "citta": "GAETA",
        "cap": "04024",
        "telefono": "",
        "email": "",
        "web": ""
      }
    },
    {
      "type": "Feature",
      "geometry": {
        "type": "Point",
        "coordinates": [
          9.3759827,
          45.8193147
        ]
      },
      "properties": {
        "nome": "GALBIATE",
        "indirizzo": "LARGO DONATORI SANGUE 1",
        "citta": "GALBIATE",
        "cap": "23851",
        "telefono": "",
        "email": "",
        "web": ""
      }
    },
    {
      "type": "Feature",
      "geometry": {
        "type": "Point",
        "coordinates": [
          8.790658,
          45.6596485
        ]
      },
      "properties": {
        "nome": "GALLARATE",
        "indirizzo": "VICOLO DEL GAMBERO  7",
        "citta": "GALLARATE",
        "cap": "21013",
        "telefono": "",
        "email": "",
        "web": ""
      }
    },
    {
      "type": "Feature",
      "geometry": {
        "type": "Point",
        "coordinates": [
          8.7046618,
          45.4822914
        ]
      },
      "properties": {
        "nome": "GALLIATE",
        "indirizzo": "VIA XXV APRILE 66",
        "citta": "GALLIATE",
        "cap": "28066",
        "telefono": "",
        "email": "",
        "web": ""
      }
    },
    {
      "type": "Feature",
      "geometry": {
        "type": "Point",
        "coordinates": [
          17.991529,
          40.0554615
        ]
      },
      "properties": {
        "nome": "GALLIPOLI",
        "indirizzo": "VIA UNIONE MILITARE 35",
        "citta": "GALLIPOLI",
        "cap": "73014",
        "telefono": "",
        "email": "",
        "web": ""
      }
    },
    {
      "type": "Feature",
      "geometry": {
        "type": "Point",
        "coordinates": [
          10.298334,
          45.255001
        ]
      },
      "properties": {
        "nome": "GAMBARA",
        "indirizzo": "VIA GARIBALDI 70",
        "citta": "GAMBARA",
        "cap": "25020",
        "telefono": "",
        "email": "",
        "web": ""
      }
    },
    {
      "type": "Feature",
      "geometry": {
        "type": "Point",
        "coordinates": [
          8.661037,
          45.3733311
        ]
      },
      "properties": {
        "nome": "GARBAGNA NOVARESE CON NIBBIOLA",
        "indirizzo": "VIA OTTO MARZO 8",
        "citta": "NIBBIOLA",
        "cap": "28070",
        "telefono": "",
        "email": "",
        "web": ""
      }
    },
    {
      "type": "Feature",
      "geometry": {
        "type": "Point",
        "coordinates": [
          9.0843969,
          45.567147
        ]
      },
      "properties": {
        "nome": "GARBAGNATE MILANESE",
        "indirizzo": "VIA CANOVA 45",
        "citta": "GARBAGNATE MILANESE",
        "cap": "20024",
        "telefono": "",
        "email": "",
        "web": ""
      }
    },
    {
      "type": "Feature",
      "geometry": {
        "type": "Point",
        "coordinates": [
          10.71004,
          45.57661
        ]
      },
      "properties": {
        "nome": "GARDA",
        "indirizzo": "PIAZZA DONATORI DI SANGUE 2",
        "citta": "GARDA",
        "cap": "37016",
        "telefono": "",
        "email": "",
        "web": ""
      }
    },
    {
      "type": "Feature",
      "geometry": {
        "type": "Point",
        "coordinates": [
          10.1829771,
          45.6887719
        ]
      },
      "properties": {
        "nome": "GARDONE VAL TROMPIA",
        "indirizzo": "VIA X GIORNATE 43/45",
        "citta": "GARDONE VAL TROMPIA",
        "cap": "25063",
        "telefono": "",
        "email": "",
        "web": ""
      }
    },
    {
      "type": "Feature",
      "geometry": {
        "type": "Point",
        "coordinates": [
          11.2512843,
          43.7702444
        ]
      },
      "properties": {
        "nome": "GARLASCO",
        "indirizzo": "PIAZZA SANTA TRINITA'  6",
        "citta": "GARLASCO",
        "cap": "27026",
        "telefono": "",
        "email": "",
        "web": ""
      }
    },
    {
      "type": "Feature",
      "geometry": {
        "type": "Point",
        "coordinates": [
          9.4033807,
          45.8061819
        ]
      },
      "properties": {
        "nome": "GARLATE",
        "indirizzo": "VIA STATALE 497",
        "citta": "GARLATE",
        "cap": "23852",
        "telefono": "",
        "email": "",
        "web": ""
      }
    },
    {
      "type": "Feature",
      "geometry": {
        "type": "Point",
        "coordinates": [
          10.5797506,
          45.1997988
        ]
      },
      "properties": {
        "nome": "GAZOLDO DEGLI IPPOLITI",
        "indirizzo": "VIA MARCONI 126",
        "citta": "GAZOLDO DEGLI IPPOLITI",
        "cap": "46040",
        "telefono": "",
        "email": "",
        "web": ""
      }
    },
    {
      "type": "Feature",
      "geometry": {
        "type": "Point",
        "coordinates": [
          8.9695386,
          44.4078726
        ]
      },
      "properties": {
        "nome": "GENOVA",
        "indirizzo": "LARGO R. BENZI 10",
        "citta": "GENOVA",
        "cap": "16132",
        "telefono": "",
        "email": "",
        "web": ""
      }
    },
    {
      "type": "Feature",
      "geometry": {
        "type": "Point",
        "coordinates": [
          9.4365585,
          45.5539099
        ]
      },
      "properties": {
        "nome": "GESSATE",
        "indirizzo": "PIAZZA DELLA PACE 1",
        "citta": "GESSATE",
        "cap": "20060",
        "telefono": "",
        "email": "",
        "web": ""
      }
    },
    {
      "type": "Feature",
      "geometry": {
        "type": "Point",
        "coordinates": [
          9.7602204,
          45.5940155
        ]
      },
      "properties": {
        "nome": "GHISALBA",
        "indirizzo": "VIA TORINO 18",
        "citta": "GHISALBA",
        "cap": "24050",
        "telefono": "",
        "email": "",
        "web": ""
      }
    },
    {
      "type": "Feature",
      "geometry": {
        "type": "Point",
        "coordinates": [
          10.1810208,
          45.8652066
        ]
      },
      "properties": {
        "nome": "GIANICO-DARFO BOARIO TERME",
        "indirizzo": "VIA MARCONI 8",
        "citta": "GIANICO",
        "cap": "25040",
        "telefono": "",
        "email": "",
        "web": ""
      }
    },
    {
      "type": "Feature",
      "geometry": {
        "type": "Point",
        "coordinates": [
          16.1490438,
          38.4387704
        ]
      },
      "properties": {
        "nome": "GIFFONE",
        "indirizzo": "VIA ARIOSTO 1",
        "citta": "GIFFONE",
        "cap": "89020",
        "telefono": "",
        "email": "",
        "web": ""
      }
    },
    {
      "type": "Feature",
      "geometry": {
        "type": "Point",
        "coordinates": [
          9.2055854,
          45.6729479
        ]
      },
      "properties": {
        "nome": "GIUSSANO",
        "indirizzo": "VIA ZARA 16",
        "citta": "GIUSSANO",
        "cap": "20833",
        "telefono": "",
        "email": "",
        "web": ""
      }
    },
    {
      "type": "Feature",
      "geometry": {
        "type": "Point",
        "coordinates": [
          9.3968634,
          45.5302529
        ]
      },
      "properties": {
        "nome": "GORGONZOLA",
        "indirizzo": "PIAZZA GIOVANNI XXIII 3",
        "citta": "GORGONZOLA",
        "cap": "20064",
        "telefono": "",
        "email": "",
        "web": ""
      }
    },
    {
      "type": "Feature",
      "geometry": {
        "type": "Point",
        "coordinates": [
          9.8292215,
          45.6749889
        ]
      },
      "properties": {
        "nome": "GORLAGO",
        "indirizzo": "PIAZZA EUROPA 9",
        "citta": "GORLAGO",
        "cap": "24060",
        "telefono": "",
        "email": "",
        "web": ""
      }
    },
    {
      "type": "Feature",
      "geometry": {
        "type": "Point",
        "coordinates": [
          9.716764,
          45.7013231
        ]
      },
      "properties": {
        "nome": "GORLE",
        "indirizzo": "VIA LIBERTA 1",
        "citta": "GORLE",
        "cap": "24020",
        "telefono": "",
        "email": "",
        "web": ""
      }
    },
    {
      "type": "Feature",
      "geometry": {
        "type": "Point",
        "coordinates": [
          9.8430481,
          45.8660086
        ]
      },
      "properties": {
        "nome": "GORNO - ONETA",
        "indirizzo": "PIAZZA VALLASIO 24",
        "citta": "GORNO",
        "cap": "24020",
        "telefono": "",
        "email": "",
        "web": ""
      }
    },
    {
      "type": "Feature",
      "geometry": {
        "type": "Point",
        "coordinates": [
          10.2698393,
          45.289061
        ]
      },
      "properties": {
        "nome": "GOTTOLENGO",
        "indirizzo": "VIA CIRCONVALLAZIONE  ",
        "citta": "GOTTOLENGO",
        "cap": "25023",
        "telefono": "",
        "email": "",
        "web": ""
      }
    },
    {
      "type": "Feature",
      "geometry": {
        "type": "Point",
        "coordinates": [
          10.9584569,
          45.0864299
        ]
      },
      "properties": {
        "nome": "GOVERNOLO",
        "indirizzo": "VIA MATTEOTTI 6 - FRAZ. GOVERNOLO ",
        "citta": "RONCOFERRARO",
        "cap": "46037",
        "telefono": "",
        "email": "",
        "web": ""
      }
    },
    {
      "type": "Feature",
      "geometry": {
        "type": "Point",
        "coordinates": [
          9.722776,
          45.6573937
        ]
      },
      "properties": {
        "nome": "GRASSOBBIO",
        "indirizzo": "VIA ROMA 46",
        "citta": "GRASSOBBIO",
        "cap": "24050",
        "telefono": "",
        "email": "",
        "web": ""
      }
    },
    {
      "type": "Feature",
      "geometry": {
        "type": "Point",
        "coordinates": [
          16.4182146,
          40.8163296
        ]
      },
      "properties": {
        "nome": "GRAVINA ",
        "indirizzo": "PIAZZA SCACCHI 43",
        "citta": "GRAVINA",
        "cap": "70024",
        "telefono": "",
        "email": "",
        "web": ""
      }
    },
    {
      "type": "Feature",
      "geometry": {
        "type": "Point",
        "coordinates": [
          10.2637885,
          46.2892043
        ]
      },
      "properties": {
        "nome": "GROSIO ED UNITI",
        "indirizzo": "VIA MILANO  2",
        "citta": "GROSIO",
        "cap": "23033",
        "telefono": "",
        "email": "",
        "web": ""
      }
    },
    {
      "type": "Feature",
      "geometry": {
        "type": "Point",
        "coordinates": [
          11.1248742,
          42.7769758
        ]
      },
      "properties": {
        "nome": "GROSSETO",
        "indirizzo": "VIA SENESE C/O  OSPEDALE MISERICORDIA 161",
        "citta": "GROSSETO",
        "cap": "58100",
        "telefono": "",
        "email": "",
        "web": ""
      }
    },
    {
      "type": "Feature",
      "geometry": {
        "type": "Point",
        "coordinates": [
          9.8674,
          45.193313
        ]
      },
      "properties": {
        "nome": "GRUMELLO CREMONESE",
        "indirizzo": "VIA G. MARCONI 2",
        "citta": "GRUMELLO CREMONESE ED UNITI",
        "cap": "26023",
        "telefono": "",
        "email": "",
        "web": ""
      }
    },
    {
      "type": "Feature",
      "geometry": {
        "type": "Point",
        "coordinates": [
          9.87527,
          45.64343
        ]
      },
      "properties": {
        "nome": "GRUMELLO DEL MONTE",
        "indirizzo": "VIA BORLINO 5",
        "citta": "GRUMELLO DEL MONTE",
        "cap": "24064",
        "telefono": "",
        "email": "",
        "web": ""
      }
    },
    {
      "type": "Feature",
      "geometry": {
        "type": "Point",
        "coordinates": [
          9.6395369,
          45.6677228
        ]
      },
      "properties": {
        "nome": "GRUMELLO DEL PIANO",
        "indirizzo": "VIA MORALI 12",
        "citta": "BERGAMO",
        "cap": "24127",
        "telefono": "",
        "email": "",
        "web": ""
      }
    },
    {
      "type": "Feature",
      "geometry": {
        "type": "Point",
        "coordinates": [
          10.5893032,
          45.318864
        ]
      },
      "properties": {
        "nome": "GUIDIZZOLO",
        "indirizzo": "VIA CARLO ALBERTO DALLA CHIESA 8/B",
        "citta": "GUIDIZZOLO",
        "cap": "46040",
        "telefono": "",
        "email": "",
        "web": ""
      }
    },
    {
      "type": "Feature",
      "geometry": {
        "type": "Point",
        "coordinates": [
          10.1573162,
          45.5917482
        ]
      },
      "properties": {
        "nome": "GUSSAGO ",
        "indirizzo": "VIA CASAGLIO 7",
        "citta": "GUSSAGO",
        "cap": "25064",
        "telefono": "",
        "email": "",
        "web": ""
      }
    },
    {
      "type": "Feature",
      "geometry": {
        "type": "Point",
        "coordinates": [
          10.3544772,
          45.0103737
        ]
      },
      "properties": {
        "nome": "GUSSOLA",
        "indirizzo": "VIA XX SETTEMBRE 31",
        "citta": "GUSSOLA",
        "cap": "26040",
        "telefono": "",
        "email": "",
        "web": ""
      }
    },
    {
      "type": "Feature",
      "geometry": {
        "type": "Point",
        "coordinates": [
          11.7079999,
          44.3543326
        ]
      },
      "properties": {
        "nome": "IMOLA",
        "indirizzo": "PIAZZALE DALLE BANDE NERE 11",
        "citta": "IMOLA",
        "cap": "40026",
        "telefono": "",
        "email": "",
        "web": ""
      }
    },
    {
      "type": "Feature",
      "geometry": {
        "type": "Point",
        "coordinates": [
          8.0302945,
          43.891673
        ]
      },
      "properties": {
        "nome": "IMPERIA",
        "indirizzo": "VIA SANT'AGATA 57",
        "citta": "IMPERIA",
        "cap": "18100",
        "telefono": "",
        "email": "",
        "web": ""
      }
    },
    {
      "type": "Feature",
      "geometry": {
        "type": "Point",
        "coordinates": [
          8.8521537,
          45.5139325
        ]
      },
      "properties": {
        "nome": "INVERUNO",
        "indirizzo": "PIAZZA PERTINI 1",
        "citta": "INVERUNO",
        "cap": "20010",
        "telefono": "",
        "email": "",
        "web": ""
      }
    },
    {
      "type": "Feature",
      "geometry": {
        "type": "Point",
        "coordinates": [
          14.2218628,
          41.5826739
        ]
      },
      "properties": {
        "nome": "ISERNIA",
        "indirizzo": "VIA S. IPPOLITO c/o Ospedale Civile 1",
        "citta": "ISERNIA",
        "cap": "86170",
        "telefono": "",
        "email": "",
        "web": ""
      }
    },
    {
      "type": "Feature",
      "geometry": {
        "type": "Point",
        "coordinates": [
          11.0054955,
          45.271871
        ]
      },
      "properties": {
        "nome": "ISOLA DELLA SCALA",
        "indirizzo": "VIA RIMEMBRANZA 9",
        "citta": "ISOLA DELLA SCALA",
        "cap": "37063",
        "telefono": "",
        "email": "",
        "web": ""
      }
    },
    {
      "type": "Feature",
      "geometry": {
        "type": "Point",
        "coordinates": [
          14.8987953,
          36.7891978
        ]
      },
      "properties": {
        "nome": "ISPICA",
        "indirizzo": "VIA SIMETO 1",
        "citta": "ISPICA",
        "cap": "97014",
        "telefono": "",
        "email": "",
        "web": ""
      }
    },
    {
      "type": "Feature",
      "geometry": {
        "type": "Point",
        "coordinates": [
          7.8859062,
          45.4669997
        ]
      },
      "properties": {
        "nome": "IVREA",
        "indirizzo": "VIA DEI CAPPUCCINI 16",
        "citta": "IVREA",
        "cap": "10015",
        "telefono": "",
        "email": "",
        "web": ""
      }
    },
    {
      "type": "Feature",
      "geometry": {
        "type": "Point",
        "coordinates": [
          13.234132,
          43.521081
        ]
      },
      "properties": {
        "nome": "JESI",
        "indirizzo": "VIA RADICIOTTI 17",
        "citta": "JESI",
        "cap": "60035",
        "telefono": "",
        "email": "",
        "web": ""
      }
    },
    {
      "type": "Feature",
      "geometry": {
        "type": "Point",
        "coordinates": [
          13.3538014,
          42.3660027
        ]
      },
      "properties": {
        "nome": "L'AQUILA",
        "indirizzo": "C/O CENTRO REG.LE DI IMM. E TIP. TISSUTALE OSPEDALE S. SALVATORE VIA LORENZO NATALI SNC",
        "citta": "COPPITO",
        "cap": "67100",
        "telefono": "",
        "email": "",
        "web": ""
      }
    },
    {
      "type": "Feature",
      "geometry": {
        "type": "Point",
        "coordinates": [
          9.8307578,
          44.1093593
        ]
      },
      "properties": {
        "nome": "LA SPEZIA",
        "indirizzo": "VIA G. B. VALLE 16/18",
        "citta": "LA SPEZIA",
        "cap": "19124",
        "telefono": "",
        "email": "",
        "web": ""
      }
    },
    {
      "type": "Feature",
      "geometry": {
        "type": "Point",
        "coordinates": [
          12.7997255,
          42.5187537
        ]
      },
      "properties": {
        "nome": "LABRO",
        "indirizzo": "VIA GARIBALDI 11",
        "citta": "LABRO",
        "cap": "02010",
        "telefono": "",
        "email": "",
        "web": ""
      }
    },
    {
      "type": "Feature",
      "geometry": {
        "type": "Point",
        "coordinates": [
          9.6293349,
          45.6661038
        ]
      },
      "properties": {
        "nome": "LALLIO",
        "indirizzo": "VIA ARCIPRETE ROTA 16",
        "citta": "LALLIO",
        "cap": "24040",
        "telefono": "",
        "email": "",
        "web": ""
      }
    },
    {
      "type": "Feature",
      "geometry": {
        "type": "Point",
        "coordinates": [
          14.3963181,
          42.2306455
        ]
      },
      "properties": {
        "nome": "LANCIANO",
        "indirizzo": "VIA DEL MARE 1",
        "citta": "LANCIANO",
        "cap": "66034",
        "telefono": "",
        "email": "",
        "web": ""
      }
    },
    {
      "type": "Feature",
      "geometry": {
        "type": "Point",
        "coordinates": [
          9.2627741,
          45.3103916
        ]
      },
      "properties": {
        "nome": "LANDRIANO",
        "indirizzo": "VIA SALVO D'ACQUISTO 2/A",
        "citta": "LANDRIANO",
        "cap": "27015",
        "telefono": "",
        "email": "",
        "web": ""
      }
    },
    {
      "type": "Feature",
      "geometry": {
        "type": "Point",
        "coordinates": [
          14.9306433,
          41.8298501
        ]
      },
      "properties": {
        "nome": "LARINO",
        "indirizzo": "CONTRADA LA FRANCESCA 19",
        "citta": "LARINO",
        "cap": "86035",
        "telefono": "",
        "email": "",
        "web": ""
      }
    },
    {
      "type": "Feature",
      "geometry": {
        "type": "Point",
        "coordinates": [
          12.9093114,
          41.4742095
        ]
      },
      "properties": {
        "nome": "LATINA",
        "indirizzo": "CORSO MATTEOTTI 238",
        "citta": "LATINA",
        "cap": "04100",
        "telefono": "",
        "email": "",
        "web": ""
      }
    },
    {
      "type": "Feature",
      "geometry": {
        "type": "Point",
        "coordinates": [
          12.9453551,
          41.5310829
        ]
      },
      "properties": {
        "nome": "LATINA SCALO",
        "indirizzo": "VIA DELLA STAZIONE 211",
        "citta": "LATINA SCALO",
        "cap": "04100",
        "telefono": "",
        "email": "",
        "web": ""
      }
    },
    {
      "type": "Feature",
      "geometry": {
        "type": "Point",
        "coordinates": [
          13.0015421,
          45.7685438
        ]
      },
      "properties": {
        "nome": "LATISANA",
        "indirizzo": "VIA SABBIONERA  87",
        "citta": "LATISANA",
        "cap": "33053",
        "telefono": "",
        "email": "",
        "web": ""
      }
    },
    {
      "type": "Feature",
      "geometry": {
        "type": "Point",
        "coordinates": [
          11.1277105,
          45.4412989
        ]
      },
      "properties": {
        "nome": "LAVAGNO",
        "indirizzo": "VIA DEL DOSSO C/O RIDOLFI LUIGI 12",
        "citta": "LAVAGNO",
        "cap": "37030",
        "telefono": "",
        "email": "",
        "web": ""
      }
    },
    {
      "type": "Feature",
      "geometry": {
        "type": "Point",
        "coordinates": [
          12.4654903,
          41.9080443
        ]
      },
      "properties": {
        "nome": "LAZIO",
        "indirizzo": "VIA COLA DI RIENZO (indirizzo recapito postale) 243",
        "citta": "ROMA",
        "cap": "00192",
        "telefono": "",
        "email": "",
        "web": ""
      }
    },
    {
      "type": "Feature",
      "geometry": {
        "type": "Point",
        "coordinates": [
          10.7331548,
          45.5083684
        ]
      },
      "properties": {
        "nome": "LAZISE",
        "indirizzo": "VIA ROMA 3",
        "citta": "LAZISE",
        "cap": "37017",
        "telefono": "",
        "email": "",
        "web": ""
      }
    },
    {
      "type": "Feature",
      "geometry": {
        "type": "Point",
        "coordinates": [
          18.1755031,
          40.3446794
        ]
      },
      "properties": {
        "nome": "LECCE",
        "indirizzo": "VIA LAZIO 13",
        "citta": "LECCE",
        "cap": "73100",
        "telefono": "",
        "email": "",
        "web": ""
      }
    },
    {
      "type": "Feature",
      "geometry": {
        "type": "Point",
        "coordinates": [
          9.3897592,
          45.8645585
        ]
      },
      "properties": {
        "nome": "LECCO",
        "indirizzo": "VIA ALDO MORO 4",
        "citta": "LECCO",
        "cap": "23900",
        "telefono": "",
        "email": "",
        "web": ""
      }
    },
    {
      "type": "Feature",
      "geometry": {
        "type": "Point",
        "coordinates": [
          9.8879629,
          45.8008077
        ]
      },
      "properties": {
        "nome": "LEFFE",
        "indirizzo": "VI ALBERTONI 65",
        "citta": "LEFFE",
        "cap": "24026",
        "telefono": "",
        "email": "",
        "web": ""
      }
    },
    {
      "type": "Feature",
      "geometry": {
        "type": "Point",
        "coordinates": [
          11.3065576,
          45.1949119
        ]
      },
      "properties": {
        "nome": "LEGNAGO",
        "indirizzo": "VIA XXIV MAGGIO 8/10",
        "citta": "LEGNAGO",
        "cap": "37045",
        "telefono": "",
        "email": "",
        "web": ""
      }
    },
    {
      "type": "Feature",
      "geometry": {
        "type": "Point",
        "coordinates": [
          8.9272399,
          45.5956585
        ]
      },
      "properties": {
        "nome": "LEGNANO",
        "indirizzo": "VIA MADONNINA DEL GRAPPA 37",
        "citta": "LEGNANO",
        "cap": "20025",
        "telefono": "",
        "email": "",
        "web": ""
      }
    },
    {
      "type": "Feature",
      "geometry": {
        "type": "Point",
        "coordinates": [
          11.5980076,
          45.0808345
        ]
      },
      "properties": {
        "nome": "LENDINARA",
        "indirizzo": "VIA MONTEGRAPPA 31",
        "citta": "LENDINARA",
        "cap": "45026",
        "telefono": "",
        "email": "",
        "web": ""
      }
    },
    {
      "type": "Feature",
      "geometry": {
        "type": "Point",
        "coordinates": [
          10.2171495,
          45.3654984
        ]
      },
      "properties": {
        "nome": "LENO",
        "indirizzo": "P.ZZA DONATORI SANGUE 1",
        "citta": "LENO",
        "cap": "25024",
        "telefono": "",
        "email": "",
        "web": ""
      }
    },
    {
      "type": "Feature",
      "geometry": {
        "type": "Point",
        "coordinates": [
          9.1174603,
          45.6788039
        ]
      },
      "properties": {
        "nome": "LENTATE SUL SEVESO",
        "indirizzo": "VIA C.BATTISTI 12",
        "citta": "LENTATE SUL SEVESO",
        "cap": "20823",
        "telefono": "",
        "email": "",
        "web": ""
      }
    },
    {
      "type": "Feature",
      "geometry": {
        "type": "Point",
        "coordinates": [
          14.998993,
          37.290115
        ]
      },
      "properties": {
        "nome": "LENTINI",
        "indirizzo": "VIA VITTORIO EMANUELE III 55",
        "citta": "LENTINI",
        "cap": "96016",
        "telefono": "",
        "email": "",
        "web": ""
      }
    },
    {
      "type": "Feature",
      "geometry": {
        "type": "Point",
        "coordinates": [
          9.3076021,
          45.6502569
        ]
      },
      "properties": {
        "nome": "LESMO-CAMPARADA",
        "indirizzo": "PIAZZA DANTE 6",
        "citta": "LESMO",
        "cap": "20855",
        "telefono": "",
        "email": "",
        "web": ""
      }
    },
    {
      "type": "Feature",
      "geometry": {
        "type": "Point",
        "coordinates": [
          13.9609895,
          37.1147826
        ]
      },
      "properties": {
        "nome": "LICATA",
        "indirizzo": "VIA FRATELLI ROSSELLI 1/5",
        "citta": "LICATA",
        "cap": "92027",
        "telefono": "",
        "email": "",
        "web": ""
      }
    },
    {
      "type": "Feature",
      "geometry": {
        "type": "Point",
        "coordinates": [
          8.9695386,
          44.4078726
        ]
      },
      "properties": {
        "nome": "LIGURIA",
        "indirizzo": "LARGO R. BENZI 10",
        "citta": "GENOVA",
        "cap": "16132",
        "telefono": "",
        "email": "",
        "web": ""
      }
    },
    {
      "type": "Feature",
      "geometry": {
        "type": "Point",
        "coordinates": [
          9.1689844,
          45.1812486
        ]
      },
      "properties": {
        "nome": "LINAROLO",
        "indirizzo": "VIALE VENEZIA  2 C/O ITALIANA ASSICURAZIONI ",
        "citta": "PAVIA",
        "cap": "27100",
        "telefono": "",
        "email": "",
        "web": ""
      }
    },
    {
      "type": "Feature",
      "geometry": {
        "type": "Point",
        "coordinates": [
          10.3239781,
          43.5530436
        ]
      },
      "properties": {
        "nome": "LIVORNO",
        "indirizzo": "VIALE CARDUCCI 16",
        "citta": "LIVORNO",
        "cap": "57124",
        "telefono": "",
        "email": "",
        "web": ""
      }
    },
    {
      "type": "Feature",
      "geometry": {
        "type": "Point",
        "coordinates": [
          9.5457313,
          45.1928402
        ]
      },
      "properties": {
        "nome": "LIVRAGA",
        "indirizzo": "VIA DANTE 30/BIS",
        "citta": "LIVRAGA",
        "cap": "26814",
        "telefono": "",
        "email": "",
        "web": ""
      }
    },
    {
      "type": "Feature",
      "geometry": {
        "type": "Point",
        "coordinates": [
          17.4457061,
          40.3936162
        ]
      },
      "properties": {
        "nome": "LIZZANO",
        "indirizzo": "VIA BOGGIO 2",
        "citta": "LIZZANO",
        "cap": "74020",
        "telefono": "",
        "email": "",
        "web": ""
      }
    },
    {
      "type": "Feature",
      "geometry": {
        "type": "Point",
        "coordinates": [
          8.9294675,
          45.6897429
        ]
      },
      "properties": {
        "nome": "LOCATE VARESINO ",
        "indirizzo": "VIA SAN VITO  4",
        "citta": "LOCATE VARESINO",
        "cap": "22070",
        "telefono": "",
        "email": "",
        "web": ""
      }
    },
    {
      "type": "Feature",
      "geometry": {
        "type": "Point",
        "coordinates": [
          16.2638009,
          38.2337193
        ]
      },
      "properties": {
        "nome": "LOCRI",
        "indirizzo": "VIA MATTEOTTI C/O SEDE AVIS 108/110",
        "citta": "LOCRI",
        "cap": "89044",
        "telefono": "",
        "email": "",
        "web": ""
      }
    },
    {
      "type": "Feature",
      "geometry": {
        "type": "Point",
        "coordinates": [
          9.501704,
          45.3170056
        ]
      },
      "properties": {
        "nome": "LODI",
        "indirizzo": "Via Fanfulla 22",
        "citta": "LODI",
        "cap": "26900",
        "telefono": "",
        "email": "",
        "web": ""
      }
    },
    {
      "type": "Feature",
      "geometry": {
        "type": "Point",
        "coordinates": [
          9.415547,
          45.3018702
        ]
      },
      "properties": {
        "nome": "LODI VECCHIO",
        "indirizzo": "VIA IV NOVEMBRE 7",
        "citta": "LODI VECCHIO",
        "cap": "26855",
        "telefono": "",
        "email": "",
        "web": ""
      }
    },
    {
      "type": "Feature",
      "geometry": {
        "type": "Point",
        "coordinates": [
          10.2790477,
          45.7180425
        ]
      },
      "properties": {
        "nome": "LODRINO",
        "indirizzo": "VIA ROMA 94",
        "citta": "LODRINO",
        "cap": "25060",
        "telefono": "",
        "email": "",
        "web": ""
      }
    },
    {
      "type": "Feature",
      "geometry": {
        "type": "Point",
        "coordinates": [
          9.326942,
          45.72416
        ]
      },
      "properties": {
        "nome": "LOMAGNA",
        "indirizzo": "PIAZZA DON ANGELO LIMONTA 1",
        "citta": "LOMAGNA",
        "cap": "23871",
        "telefono": "",
        "email": "",
        "web": ""
      }
    },
    {
      "type": "Feature",
      "geometry": {
        "type": "Point",
        "coordinates": [
          10.4912699,
          45.4556081
        ]
      },
      "properties": {
        "nome": "LONATO DEL GARDA ",
        "indirizzo": "VIA LUIGI MALAGNINI  1",
        "citta": "LONATO DEL GARDA",
        "cap": "25017",
        "telefono": "",
        "email": "",
        "web": ""
      }
    },
    {
      "type": "Feature",
      "geometry": {
        "type": "Point",
        "coordinates": [
          9.63309,
          45.69598
        ]
      },
      "properties": {
        "nome": "LONGUELO  - BERGAMO",
        "indirizzo": "VIA LONGUELO 39/A",
        "citta": "BERGAMO",
        "cap": "24129",
        "telefono": "",
        "email": "",
        "web": ""
      }
    },
    {
      "type": "Feature",
      "geometry": {
        "type": "Point",
        "coordinates": [
          13.6074263,
          43.4388841
        ]
      },
      "properties": {
        "nome": "LORETO",
        "indirizzo": "VIA TRIESTE 17",
        "citta": "LORETO",
        "cap": "60025",
        "telefono": "",
        "email": "",
        "web": ""
      }
    },
    {
      "type": "Feature",
      "geometry": {
        "type": "Point",
        "coordinates": [
          10.0729494,
          45.8169391
        ]
      },
      "properties": {
        "nome": "LOVERE",
        "indirizzo": "VIA BERTOLOTTI 13",
        "citta": "LOVERE",
        "cap": "24065",
        "telefono": "",
        "email": "",
        "web": ""
      }
    },
    {
      "type": "Feature",
      "geometry": {
        "type": "Point",
        "coordinates": [
          10.5028308,
          43.8442515
        ]
      },
      "properties": {
        "nome": "LUCCA",
        "indirizzo": "VIA CESARE BATTISTI 2",
        "citta": "LUCCA",
        "cap": "55100",
        "telefono": "",
        "email": "",
        "web": ""
      }
    },
    {
      "type": "Feature",
      "geometry": {
        "type": "Point",
        "coordinates": [
          15.3355566,
          41.5080181
        ]
      },
      "properties": {
        "nome": "LUCERA",
        "indirizzo": "PIAZZA SALANDRA 25",
        "citta": "LUCERA",
        "cap": "71036",
        "telefono": "",
        "email": "",
        "web": ""
      }
    },
    {
      "type": "Feature",
      "geometry": {
        "type": "Point",
        "coordinates": [
          9.8355435,
          44.8277001
        ]
      },
      "properties": {
        "nome": "LUGAGNANO E VAL D'ARDA",
        "indirizzo": "VIA PIACENZA 37",
        "citta": "LUGAGNANO VAL D'ARDA",
        "cap": "29018",
        "telefono": "",
        "email": "",
        "web": ""
      }
    },
    {
      "type": "Feature",
      "geometry": {
        "type": "Point",
        "coordinates": [
          9.8860454,
          44.373313
        ]
      },
      "properties": {
        "nome": "LUNIGIANA",
        "indirizzo": "VIA P. COCCHI 33",
        "citta": "PONTREMOLI",
        "cap": "54027",
        "telefono": "",
        "email": "",
        "web": ""
      }
    },
    {
      "type": "Feature",
      "geometry": {
        "type": "Point",
        "coordinates": [
          14.4438546,
          41.5236508
        ]
      },
      "properties": {
        "nome": "MACCHIAGODENA",
        "indirizzo": "VIA GARIBALDI OVEST C/O SEDE CENTOMANI FARE ",
        "citta": "MACCHIGODENA",
        "cap": "86096",
        "telefono": "",
        "email": "",
        "web": ""
      }
    },
    {
      "type": "Feature",
      "geometry": {
        "type": "Point",
        "coordinates": [
          13.439095,
          43.3010145
        ]
      },
      "properties": {
        "nome": "MACERATA",
        "indirizzo": "VIA ORESTE CALABRESI 5",
        "citta": "MACERATA",
        "cap": "62100",
        "telefono": "",
        "email": "",
        "web": ""
      }
    },
    {
      "type": "Feature",
      "geometry": {
        "type": "Point",
        "coordinates": [
          9.2702887,
          45.6385998
        ]
      },
      "properties": {
        "nome": "MACHERIO",
        "indirizzo": "VIA MILANO 25",
        "citta": "MACHERIO",
        "cap": "20846",
        "telefono": "",
        "email": "",
        "web": ""
      }
    },
    {
      "type": "Feature",
      "geometry": {
        "type": "Point",
        "coordinates": [
          14.374137,
          41.0427279
        ]
      },
      "properties": {
        "nome": "MADDALONI",
        "indirizzo": "VIA S. EUSTACHIO 104",
        "citta": "MADDALONI",
        "cap": "81024",
        "telefono": "",
        "email": "",
        "web": ""
      }
    },
    {
      "type": "Feature",
      "geometry": {
        "type": "Point",
        "coordinates": [
          8.8850211,
          45.4655261
        ]
      },
      "properties": {
        "nome": "MAGENTA",
        "indirizzo": "PIAZZA FORMENTANO 3",
        "citta": "MAGENTA",
        "cap": "20013",
        "telefono": "",
        "email": "",
        "web": ""
      }
    },
    {
      "type": "Feature",
      "geometry": {
        "type": "Point",
        "coordinates": [
          12.2043761,
          43.1425957
        ]
      },
      "properties": {
        "nome": "MAGIONE",
        "indirizzo": "VIA AMENDOLA 8",
        "citta": "MAGIONE",
        "cap": "06063",
        "telefono": "",
        "email": "",
        "web": ""
      }
    },
    {
      "type": "Feature",
      "geometry": {
        "type": "Point",
        "coordinates": [
          10.2759603,
          45.949521
        ]
      },
      "properties": {
        "nome": "MALEGNO-LOZIO-OSSIMO-BORNO",
        "indirizzo": "VIA CAVA 36",
        "citta": "MALEGNO",
        "cap": "25053",
        "telefono": "",
        "email": "",
        "web": ""
      }
    },
    {
      "type": "Feature",
      "geometry": {
        "type": "Point",
        "coordinates": [
          9.3222624,
          45.9215776
        ]
      },
      "properties": {
        "nome": "MANDELLO DEL LARIO",
        "indirizzo": "VIA DANTE ALIGHIERI 47",
        "citta": "MANDELLO DEL LARIO",
        "cap": "23826",
        "telefono": "",
        "email": "",
        "web": ""
      }
    },
    {
      "type": "Feature",
      "geometry": {
        "type": "Point",
        "coordinates": [
          17.6279597,
          40.4003624
        ]
      },
      "properties": {
        "nome": "MANDURIA",
        "indirizzo": "VIA ROMA 44",
        "citta": "MANDURIA",
        "cap": "74024",
        "telefono": "",
        "email": "",
        "web": ""
      }
    },
    {
      "type": "Feature",
      "geometry": {
        "type": "Point",
        "coordinates": [
          10.1349007,
          45.3547608
        ]
      },
      "properties": {
        "nome": "MANERBIO",
        "indirizzo": "VIA PALESTRO 49",
        "citta": "MANERBIO",
        "cap": "25025",
        "telefono": "",
        "email": "",
        "web": ""
      }
    },
    {
      "type": "Feature",
      "geometry": {
        "type": "Point",
        "coordinates": [
          12.536079,
          45.819788
        ]
      },
      "properties": {
        "nome": "MANSUE'",
        "indirizzo": "VIA CALATE 5",
        "citta": "MASUE'",
        "cap": "31040",
        "telefono": "",
        "email": "",
        "web": ""
      }
    },
    {
      "type": "Feature",
      "geometry": {
        "type": "Point",
        "coordinates": [
          10.7698696,
          45.1537479
        ]
      },
      "properties": {
        "nome": "MANTOVA",
        "indirizzo": "Strada Dosso del Corso 1",
        "citta": "MANTOVA",
        "cap": "46100",
        "telefono": "",
        "email": "",
        "web": ""
      }
    },
    {
      "type": "Feature",
      "geometry": {
        "type": "Point",
        "coordinates": [
          10.9097439,
          45.5322685
        ]
      },
      "properties": {
        "nome": "MARANO DI VALPOLICELLA",
        "indirizzo": "VIA CADILOI 39",
        "citta": "MARANO DI VALPOLICELLA",
        "cap": "37020",
        "telefono": "",
        "email": "",
        "web": ""
      }
    },
    {
      "type": "Feature",
      "geometry": {
        "type": "Point",
        "coordinates": [
          8.8713644,
          45.4847371
        ]
      },
      "properties": {
        "nome": "MARCALLO CON CASONE",
        "indirizzo": "VIA ROMA 19",
        "citta": "MARCALLO CON CASONE",
        "cap": "20010",
        "telefono": "",
        "email": "",
        "web": ""
      }
    },
    {
      "type": "Feature",
      "geometry": {
        "type": "Point",
        "coordinates": [
          13.3241696,
          43.5974796
        ]
      },
      "properties": {
        "nome": "MARCHE",
        "indirizzo": "VIA DELLA REPUBBLICA 21",
        "citta": "CHIARAVALLE",
        "cap": "60033",
        "telefono": "",
        "email": "",
        "web": ""
      }
    },
    {
      "type": "Feature",
      "geometry": {
        "type": "Point",
        "coordinates": [
          16.6872305,
          40.3626056
        ]
      },
      "properties": {
        "nome": "MARCONIA PISTICCI ",
        "indirizzo": "PIAZZA ELETTRA 14",
        "citta": "MARCONIA PISTICCI",
        "cap": "75020",
        "telefono": "",
        "email": "",
        "web": ""
      }
    },
    {
      "type": "Feature",
      "geometry": {
        "type": "Point",
        "coordinates": [
          11.8478675,
          45.1115899
        ]
      },
      "properties": {
        "nome": "MARDIMAGO",
        "indirizzo": "PIAZZA GIOVANNI XXIII 6",
        "citta": "MARDIMAGO",
        "cap": "45100",
        "telefono": "",
        "email": "",
        "web": ""
      }
    },
    {
      "type": "Feature",
      "geometry": {
        "type": "Point",
        "coordinates": [
          12.3324428,
          45.8590908
        ]
      },
      "properties": {
        "nome": "MARENO DI PIAVE",
        "indirizzo": "VICOLO TRIESTE 10",
        "citta": "MARENO DI PIAVE",
        "cap": "34010",
        "telefono": "",
        "email": "",
        "web": ""
      }
    },
    {
      "type": "Feature",
      "geometry": {
        "type": "Point",
        "coordinates": [
          11.6497137,
          45.7443656
        ]
      },
      "properties": {
        "nome": "MAROSTICA",
        "indirizzo": "VIA PANICA 17",
        "citta": "MAROSTICA",
        "cap": "36063",
        "telefono": "",
        "email": "",
        "web": ""
      }
    },
    {
      "type": "Feature",
      "geometry": {
        "type": "Point",
        "coordinates": [
          9.7675285,
          45.5695443
        ]
      },
      "properties": {
        "nome": "MARTINENGO",
        "indirizzo": "VIA ALLEGRENI 33",
        "citta": "MARTINENGO",
        "cap": "24057",
        "telefono": "",
        "email": "",
        "web": ""
      }
    },
    {
      "type": "Feature",
      "geometry": {
        "type": "Point",
        "coordinates": [
          9.4640827,
          45.5678365
        ]
      },
      "properties": {
        "nome": "MASATE-BASIANO",
        "indirizzo": "VIA MILANO 69",
        "citta": "MASATE",
        "cap": "20060",
        "telefono": "",
        "email": "",
        "web": ""
      }
    },
    {
      "type": "Feature",
      "geometry": {
        "type": "Point",
        "coordinates": [
          11.9791779,
          45.811802
        ]
      },
      "properties": {
        "nome": "MASER",
        "indirizzo": "VIA A. PALLADIO 2",
        "citta": "MASER",
        "cap": "31010",
        "telefono": "",
        "email": "",
        "web": ""
      }
    },
    {
      "type": "Feature",
      "geometry": {
        "type": "Point",
        "coordinates": [
          9.8861504,
          44.3726857
        ]
      },
      "properties": {
        "nome": "MASSA CARRARA",
        "indirizzo": "VIA PIETRO COCCHI ",
        "citta": "PONTREMOLI",
        "cap": "54027",
        "telefono": "",
        "email": "",
        "web": ""
      }
    },
    {
      "type": "Feature",
      "geometry": {
        "type": "Point",
        "coordinates": [
          10.102043,
          44.017673
        ]
      },
      "properties": {
        "nome": "MASSA-CARRARA-MONTIGNOSO",
        "indirizzo": "VIA ENRICO MATTEI 21",
        "citta": "MASSA",
        "cap": "54100",
        "telefono": "",
        "email": "",
        "web": ""
      }
    },
    {
      "type": "Feature",
      "geometry": {
        "type": "Point",
        "coordinates": [
          17.1108343,
          40.5895727
        ]
      },
      "properties": {
        "nome": "MASSAFRA",
        "indirizzo": "C/O ASS. LA FINESTRA",
        "citta": "VIA MESSAPIA 77",
        "cap": "Italy",
        "telefono": "",
        "email": "",
        "web": ""
      }
    },
    {
      "type": "Feature",
      "geometry": {
        "type": "Point",
        "coordinates": [
          16.4443899,
          40.173113
        ]
      },
      "properties": {
        "nome": "MATERA",
        "indirizzo": "VIA CARMINE 46",
        "citta": "VALSINNI",
        "cap": "75029",
        "telefono": "",
        "email": "",
        "web": ""
      }
    },
    {
      "type": "Feature",
      "geometry": {
        "type": "Point",
        "coordinates": [
          9.1706512,
          45.6552098
        ]
      },
      "properties": {
        "nome": "MEDA",
        "indirizzo": "VIA CONFALONIERI 4",
        "citta": "MEDA",
        "cap": "20821",
        "telefono": "",
        "email": "",
        "web": ""
      }
    },
    {
      "type": "Feature",
      "geometry": {
        "type": "Point",
        "coordinates": [
          8.7354167,
          45.0972294
        ]
      },
      "properties": {
        "nome": "MEDE",
        "indirizzo": "VIA INVERNIZZI C/O GRUPPO ALPINI 28",
        "citta": "MEDE",
        "cap": "27035",
        "telefono": "",
        "email": "",
        "web": ""
      }
    },
    {
      "type": "Feature",
      "geometry": {
        "type": "Point",
        "coordinates": [
          9.5648352,
          45.7879758
        ]
      },
      "properties": {
        "nome": "MEDIA VALLE IMAGNA",
        "indirizzo": "VIA SAN LORENZO ",
        "citta": "CAPIZZONE",
        "cap": "24030",
        "telefono": "",
        "email": "",
        "web": ""
      }
    },
    {
      "type": "Feature",
      "geometry": {
        "type": "Point",
        "coordinates": [
          9.981394,
          46.1770799
        ]
      },
      "properties": {
        "nome": "MEDIA VALTELLINA",
        "indirizzo": "PIAZZA LUINI 9",
        "citta": "PONTE IN VALTELLINA",
        "cap": "23026",
        "telefono": "",
        "email": "",
        "web": ""
      }
    },
    {
      "type": "Feature",
      "geometry": {
        "type": "Point",
        "coordinates": [
          10.5100978,
          45.3265844
        ]
      },
      "properties": {
        "nome": "MEDOLE",
        "indirizzo": "VIA GARIBALDI 12",
        "citta": "MEDOLE",
        "cap": "46046",
        "telefono": "",
        "email": "",
        "web": ""
      }
    },
    {
      "type": "Feature",
      "geometry": {
        "type": "Point",
        "coordinates": [
          9.4240607,
          45.5045315
        ]
      },
      "properties": {
        "nome": "MELZO",
        "indirizzo": "VIA DE AMICIS 7",
        "citta": "MELZO",
        "cap": "20066",
        "telefono": "",
        "email": "",
        "web": ""
      }
    },
    {
      "type": "Feature",
      "geometry": {
        "type": "Point",
        "coordinates": [
          12.9665821,
          37.6198182
        ]
      },
      "properties": {
        "nome": "MENFI",
        "indirizzo": "VIA MANDRAZZI II 1",
        "citta": "MENFI",
        "cap": "92013",
        "telefono": "",
        "email": "",
        "web": ""
      }
    },
    {
      "type": "Feature",
      "geometry": {
        "type": "Point",
        "coordinates": [
          12.4591666,
          45.6251332
        ]
      },
      "properties": {
        "nome": "MEOLO",
        "indirizzo": "VIA DIAZ 93/2",
        "citta": "MEOLO",
        "cap": "30020",
        "telefono": "",
        "email": "",
        "web": ""
      }
    },
    {
      "type": "Feature",
      "geometry": {
        "type": "Point",
        "coordinates": [
          9.4203492,
          45.6977451
        ]
      },
      "properties": {
        "nome": "MERATE",
        "indirizzo": "VIA S. AMBROGIO 17",
        "citta": "MERATE",
        "cap": "23807",
        "telefono": "",
        "email": "",
        "web": ""
      }
    },
    {
      "type": "Feature",
      "geometry": {
        "type": "Point",
        "coordinates": [
          8.857397,
          45.501402
        ]
      },
      "properties": {
        "nome": "MESERO",
        "indirizzo": "VIA SAN BERNARDO 2",
        "citta": "MESERO",
        "cap": "20010",
        "telefono": "",
        "email": "",
        "web": ""
      }
    },
    {
      "type": "Feature",
      "geometry": {
        "type": "Point",
        "coordinates": [
          16.7867666,
          39.0814262
        ]
      },
      "properties": {
        "nome": "MESORACA",
        "indirizzo": "VIA XX SETTEMBRE ",
        "citta": "MESORACA",
        "cap": "88838",
        "telefono": "",
        "email": "",
        "web": ""
      }
    },
    {
      "type": "Feature",
      "geometry": {
        "type": "Point",
        "coordinates": [
          15.5385052,
          38.1649036
        ]
      },
      "properties": {
        "nome": "MESSINA",
        "indirizzo": "VIA CONSOLARE VALERIA CONTESSE- POLICLINICO 1",
        "citta": "MESSINA",
        "cap": "98124",
        "telefono": "",
        "email": "",
        "web": ""
      }
    },
    {
      "type": "Feature",
      "geometry": {
        "type": "Point",
        "coordinates": [
          11.7576375,
          45.4440561
        ]
      },
      "properties": {
        "nome": "MESTRINO",
        "indirizzo": "VIA MARTIGNON 4",
        "citta": "MESTRINO",
        "cap": "35035",
        "telefono": "",
        "email": "",
        "web": ""
      }
    },
    {
      "type": "Feature",
      "geometry": {
        "type": "Point",
        "coordinates": [
          11.119482,
          46.2169152
        ]
      },
      "properties": {
        "nome": "MEZZOCORONA",
        "indirizzo": "PIAZZA DELLA CHIESA 3",
        "citta": "MEZZOCORONA",
        "cap": "38016",
        "telefono": "",
        "email": "",
        "web": ""
      }
    },
    {
      "type": "Feature",
      "geometry": {
        "type": "Point",
        "coordinates": [
          12.0982156,
          45.9452346
        ]
      },
      "properties": {
        "nome": "MIANE",
        "indirizzo": "VIA ROMA 50",
        "citta": "MIANE",
        "cap": "31050",
        "telefono": "",
        "email": "",
        "web": ""
      }
    },
    {
      "type": "Feature",
      "geometry": {
        "type": "Point",
        "coordinates": [
          9.4240607,
          45.5045315
        ]
      },
      "properties": {
        "nome": "MILANO",
        "indirizzo": "Via De Amicis 7",
        "citta": "MELZO",
        "cap": "20066",
        "telefono": "",
        "email": "",
        "web": ""
      }
    },
    {
      "type": "Feature",
      "geometry": {
        "type": "Point",
        "coordinates": [
          9.1871841,
          45.5096348
        ]
      },
      "properties": {
        "nome": "MILANO SPECIALE",
        "indirizzo": "PIAZZA OSPEDALE MAGGIORE 3",
        "citta": "MILANO",
        "cap": "20162",
        "telefono": "",
        "email": "",
        "web": ""
      }
    },
    {
      "type": "Feature",
      "geometry": {
        "type": "Point",
        "coordinates": [
          15.2419327,
          38.2207102
        ]
      },
      "properties": {
        "nome": "MILAZZO",
        "indirizzo": "PRESIDIO OSPEDALIERO \"G.FOGLIANI\" C.DA GRAZIA ",
        "citta": "MILAZZO",
        "cap": "98057",
        "telefono": "",
        "email": "",
        "web": ""
      }
    },
    {
      "type": "Feature",
      "geometry": {
        "type": "Point",
        "coordinates": [
          11.3410354,
          45.2444397
        ]
      },
      "properties": {
        "nome": "MINERBE",
        "indirizzo": "VIA LEONARDO DA VINCI 37",
        "citta": "MINERBE",
        "cap": "37046",
        "telefono": "",
        "email": "",
        "web": ""
      }
    },
    {
      "type": "Feature",
      "geometry": {
        "type": "Point",
        "coordinates": [
          12.1108354,
          45.5002323
        ]
      },
      "properties": {
        "nome": "MIRANO",
        "indirizzo": "c/o OSPEDALE DI MIRANO DON G. SARTOR 4",
        "citta": "MIRANO",
        "cap": "30035",
        "telefono": "",
        "email": "",
        "web": ""
      }
    },
    {
      "type": "Feature",
      "geometry": {
        "type": "Point",
        "coordinates": [
          9.6210262,
          45.4704443
        ]
      },
      "properties": {
        "nome": "MISANO GERA D'ADDA",
        "indirizzo": "VIA DON ALESSANDRO BATTAGLIA 1",
        "citta": "MISANO DI GERA D ADDA",
        "cap": "24040",
        "telefono": "",
        "email": "",
        "web": ""
      }
    },
    {
      "type": "Feature",
      "geometry": {
        "type": "Point",
        "coordinates": [
          10.9487611,
          44.639353
        ]
      },
      "properties": {
        "nome": "MODENA",
        "indirizzo": "VIA LIVIO BORRI 40",
        "citta": "MODENA",
        "cap": "41122",
        "telefono": "",
        "email": "",
        "web": ""
      }
    },
    {
      "type": "Feature",
      "geometry": {
        "type": "Point",
        "coordinates": [
          16.5914959,
          41.1916075
        ]
      },
      "properties": {
        "nome": "MOLFETTA",
        "indirizzo": "VIA TERLIZZI C/O OSPEDALE \"DON TONINO BELLO\" ",
        "citta": "MOLFETTA",
        "cap": "70056",
        "telefono": "",
        "email": "",
        "web": ""
      }
    },
    {
      "type": "Feature",
      "geometry": {
        "type": "Point",
        "coordinates": [
          14.7976395,
          41.5178688
        ]
      },
      "properties": {
        "nome": "MOLISE",
        "indirizzo": "CORSO VITTORIO EMANUELE 56",
        "citta": "JELSI",
        "cap": "86015",
        "telefono": "",
        "email": "",
        "web": ""
      }
    },
    {
      "type": "Feature",
      "geometry": {
        "type": "Point",
        "coordinates": [
          9.9300521,
          45.7630956
        ]
      },
      "properties": {
        "nome": "MONASTEROLO DEL CASTELLO",
        "indirizzo": "PIAZZA PAPA GIOVANNI XXIII ",
        "citta": "MONASTEROLO DEL CASTELLO",
        "cap": "24060",
        "telefono": "",
        "email": "",
        "web": ""
      }
    },
    {
      "type": "Feature",
      "geometry": {
        "type": "Point",
        "coordinates": [
          12.4791719,
          45.646491
        ]
      },
      "properties": {
        "nome": "MONASTIER",
        "indirizzo": "VIA SICILIA 5",
        "citta": "MONASTIER DI TREVISO",
        "cap": "31050",
        "telefono": "",
        "email": "",
        "web": ""
      }
    },
    {
      "type": "Feature",
      "geometry": {
        "type": "Point",
        "coordinates": [
          8.2666181,
          45.0487492
        ]
      },
      "properties": {
        "nome": "MONCALVO",
        "indirizzo": "PIAZZA SAN FRANCESCO 1",
        "citta": "MONCALVO",
        "cap": "14036",
        "telefono": "",
        "email": "",
        "web": ""
      }
    },
    {
      "type": "Feature",
      "geometry": {
        "type": "Point",
        "coordinates": [
          7.8101722,
          44.3821879
        ]
      },
      "properties": {
        "nome": "MONDOVI'",
        "indirizzo": "CORSO ALPI 40",
        "citta": "MONDOVI",
        "cap": "12084",
        "telefono": "",
        "email": "",
        "web": ""
      }
    },
    {
      "type": "Feature",
      "geometry": {
        "type": "Point",
        "coordinates": [
          17.30165,
          40.9522377
        ]
      },
      "properties": {
        "nome": "MONOPOLI",
        "indirizzo": "VIA SAN DOMENICO 13",
        "citta": "MONOPOLI",
        "cap": "70043",
        "telefono": "",
        "email": "",
        "web": ""
      }
    },
    {
      "type": "Feature",
      "geometry": {
        "type": "Point",
        "coordinates": [
          10.7908583,
          44.0554517
        ]
      },
      "properties": {
        "nome": "MONTAGNA PISTOIESE",
        "indirizzo": "PIAZZA MATTEOTTI 73",
        "citta": "SAN MARCELLO PISTOIESE",
        "cap": "51028",
        "telefono": "",
        "email": "",
        "web": ""
      }
    },
    {
      "type": "Feature",
      "geometry": {
        "type": "Point",
        "coordinates": [
          9.4566722,
          45.7682824
        ]
      },
      "properties": {
        "nome": "MONTE MARENZO",
        "indirizzo": "PRESSO MUNICIPIO ",
        "citta": "MONTE MARENZO",
        "cap": "23804",
        "telefono": "",
        "email": "",
        "web": ""
      }
    },
    {
      "type": "Feature",
      "geometry": {
        "type": "Point",
        "coordinates": [
          12.0263783,
          45.7703359
        ]
      },
      "properties": {
        "nome": "MONTEBELLUNA",
        "indirizzo": "VIA MONTE BIANCO 15/3",
        "citta": "MONTEBELLUNA",
        "cap": "31044",
        "telefono": "",
        "email": "",
        "web": ""
      }
    },
    {
      "type": "Feature",
      "geometry": {
        "type": "Point",
        "coordinates": [
          10.6657906,
          43.8534454
        ]
      },
      "properties": {
        "nome": "MONTECARLO",
        "indirizzo": "VIA DON MINZONI C/O SCUOLA ELEMENTARE S. SALVATORE ",
        "citta": "MONTECARLO",
        "cap": "55015",
        "telefono": "",
        "email": "",
        "web": ""
      }
    },
    {
      "type": "Feature",
      "geometry": {
        "type": "Point",
        "coordinates": [
          13.4403299,
          43.3659609
        ]
      },
      "properties": {
        "nome": "MONTECASSIANO",
        "indirizzo": "VIA R. MURRI 1",
        "citta": "MONTECASSIANO",
        "cap": "62010",
        "telefono": "",
        "email": "",
        "web": ""
      }
    },
    {
      "type": "Feature",
      "geometry": {
        "type": "Point",
        "coordinates": [
          11.2529627,
          45.4797613
        ]
      },
      "properties": {
        "nome": "MONTECCHIA DI CROSARA",
        "indirizzo": "C/O PRESIDENTE ALESSANDRO BARATO VIA DEGLI ULIVI 10",
        "citta": "MONTECCHIA DI CROSARA",
        "cap": "37030",
        "telefono": "",
        "email": "",
        "web": ""
      }
    },
    {
      "type": "Feature",
      "geometry": {
        "type": "Point",
        "coordinates": [
          13.438198,
          43.4121941
        ]
      },
      "properties": {
        "nome": "MONTEFANO",
        "indirizzo": "VIA ROMA 28",
        "citta": "MONTEFANO",
        "cap": "62010",
        "telefono": "",
        "email": "",
        "web": ""
      }
    },
    {
      "type": "Feature",
      "geometry": {
        "type": "Point",
        "coordinates": [
          12.030395,
          42.537753
        ]
      },
      "properties": {
        "nome": "MONTEFIASCONE",
        "indirizzo": "VIA CASTI 1",
        "citta": "MONTEFIASCONE",
        "cap": "01027",
        "telefono": "",
        "email": "",
        "web": ""
      }
    },
    {
      "type": "Feature",
      "geometry": {
        "type": "Point",
        "coordinates": [
          12.7784806,
          43.8638117
        ]
      },
      "properties": {
        "nome": "MONTELABBATE",
        "indirizzo": "LARGO DONATORI DI SANGUE ",
        "citta": "MONTELABBIATE",
        "cap": "61025",
        "telefono": "",
        "email": "",
        "web": ""
      }
    },
    {
      "type": "Feature",
      "geometry": {
        "type": "Point",
        "coordinates": [
          9.8074894,
          45.6698369
        ]
      },
      "properties": {
        "nome": "MONTELLO",
        "indirizzo": "VIA SANT ANTONINO 7",
        "citta": "MONTELLO",
        "cap": "24060",
        "telefono": "",
        "email": "",
        "web": ""
      }
    },
    {
      "type": "Feature",
      "geometry": {
        "type": "Point",
        "coordinates": [
          13.567821,
          43.3449784
        ]
      },
      "properties": {
        "nome": "MONTELUPONE",
        "indirizzo": "VIA VECCHIOTTI 23",
        "citta": "MONTELUPONE",
        "cap": "62010",
        "telefono": "",
        "email": "",
        "web": ""
      }
    },
    {
      "type": "Feature",
      "geometry": {
        "type": "Point",
        "coordinates": [
          11.0332042,
          43.9303619
        ]
      },
      "properties": {
        "nome": "MONTEMURLO",
        "indirizzo": "VIA BICCHIERAIA 7",
        "citta": "MONTEMURLO",
        "cap": "59013",
        "telefono": "",
        "email": "",
        "web": ""
      }
    },
    {
      "type": "Feature",
      "geometry": {
        "type": "Point",
        "coordinates": [
          11.7845465,
          43.0959338
        ]
      },
      "properties": {
        "nome": "MONTEPULCIANO",
        "indirizzo": "VIA GRACCIANO NEL CORSO 73",
        "citta": "MONTEPULCIANO",
        "cap": "53045",
        "telefono": "",
        "email": "",
        "web": ""
      }
    },
    {
      "type": "Feature",
      "geometry": {
        "type": "Point",
        "coordinates": [
          9.9339036,
          45.0901923
        ]
      },
      "properties": {
        "nome": "MONTICELLI D'ONGINA",
        "indirizzo": "VIA DONATORI DI SANGUE 22",
        "citta": "MONTICELLI D'ONGINA",
        "cap": "29010",
        "telefono": "",
        "email": "",
        "web": ""
      }
    },
    {
      "type": "Feature",
      "geometry": {
        "type": "Point",
        "coordinates": [
          11.5697123,
          45.6007929
        ]
      },
      "properties": {
        "nome": "MONTICELLO CONTE OTTO",
        "indirizzo": "PIAZZA DEL DONATORE 22",
        "citta": "MONTICELLO CONTE OTTO",
        "cap": "36010",
        "telefono": "",
        "email": "",
        "web": ""
      }
    },
    {
      "type": "Feature",
      "geometry": {
        "type": "Point",
        "coordinates": [
          10.4056263,
          45.4110809
        ]
      },
      "properties": {
        "nome": "MONTICHIARI",
        "indirizzo": "VIA CIOTTI 154",
        "citta": "MONTICHIARI",
        "cap": "25018",
        "telefono": "",
        "email": "",
        "web": ""
      }
    },
    {
      "type": "Feature",
      "geometry": {
        "type": "Point",
        "coordinates": [
          9.2675926,
          45.5781549
        ]
      },
      "properties": {
        "nome": "MONZA  ",
        "indirizzo": "VIA SOLFERINO 16",
        "citta": "MONZA",
        "cap": "20900",
        "telefono": "",
        "email": "",
        "web": ""
      }
    },
    {
      "type": "Feature",
      "geometry": {
        "type": "Point",
        "coordinates": [
          9.2675926,
          45.5781549
        ]
      },
      "properties": {
        "nome": "MONZA BRIANZA",
        "indirizzo": "Via Solferino 16",
        "citta": "MONZA",
        "cap": "20900",
        "telefono": "",
        "email": "",
        "web": ""
      }
    },
    {
      "type": "Feature",
      "geometry": {
        "type": "Point",
        "coordinates": [
          9.5729148,
          46.1330658
        ]
      },
      "properties": {
        "nome": "MORBEGNO",
        "indirizzo": "VIA PARAVICINI 2",
        "citta": "MORBEGNO",
        "cap": "23017",
        "telefono": "",
        "email": "",
        "web": ""
      }
    },
    {
      "type": "Feature",
      "geometry": {
        "type": "Point",
        "coordinates": [
          9.7046871,
          45.5342218
        ]
      },
      "properties": {
        "nome": "MORENGO",
        "indirizzo": "VIA CASTELLO 15",
        "citta": "MORENGO",
        "cap": "24050",
        "telefono": "",
        "email": "",
        "web": ""
      }
    },
    {
      "type": "Feature",
      "geometry": {
        "type": "Point",
        "coordinates": [
          9.8055827,
          45.5929473
        ]
      },
      "properties": {
        "nome": "MORNICO AL SERIO",
        "indirizzo": "VIA ZERRA 17",
        "citta": "MORNICO AL SERIO",
        "cap": "24050",
        "telefono": "",
        "email": "",
        "web": ""
      }
    },
    {
      "type": "Feature",
      "geometry": {
        "type": "Point",
        "coordinates": [
          9.6074668,
          45.6987701
        ]
      },
      "properties": {
        "nome": "MOZZO",
        "indirizzo": "VIA ALFREDO PIATTI 54",
        "citta": "MOZZO",
        "cap": "24030",
        "telefono": "",
        "email": "",
        "web": ""
      }
    },
    {
      "type": "Feature",
      "geometry": {
        "type": "Point",
        "coordinates": [
          13.7810595,
          45.6493858
        ]
      },
      "properties": {
        "nome": "MUGGIA",
        "indirizzo": "PIAZZA DELL'OSPITALE C/O OSPED.LE MAGGIORE 1",
        "citta": "TRIESTE",
        "cap": "34129",
        "telefono": "",
        "email": "",
        "web": ""
      }
    },
    {
      "type": "Feature",
      "geometry": {
        "type": "Point",
        "coordinates": [
          9.2232276,
          45.5821265
        ]
      },
      "properties": {
        "nome": "MUGGIO'",
        "indirizzo": "VIA SONDRIO 24/INTERNO",
        "citta": "MUGGIO",
        "cap": "20835",
        "telefono": "",
        "email": "",
        "web": ""
      }
    },
    {
      "type": "Feature",
      "geometry": {
        "type": "Point",
        "coordinates": [
          14.2308833,
          40.8517946
        ]
      },
      "properties": {
        "nome": "NAPOLI",
        "indirizzo": "VIA F. BLUNDO 54",
        "citta": "NAPOLI",
        "cap": "80128",
        "telefono": "",
        "email": "",
        "web": ""
      }
    },
    {
      "type": "Feature",
      "geometry": {
        "type": "Point",
        "coordinates": [
          9.7622076,
          45.7453841
        ]
      },
      "properties": {
        "nome": "NEMBRO",
        "indirizzo": "PIAZZA UMBERTO I 8",
        "citta": "NEMBRO",
        "cap": "24027",
        "telefono": "",
        "email": "",
        "web": ""
      }
    },
    {
      "type": "Feature",
      "geometry": {
        "type": "Point",
        "coordinates": [
          12.2072589,
          45.8210834
        ]
      },
      "properties": {
        "nome": "NERVESA DELLA BATTAGLIA",
        "indirizzo": "VIA LUGO DI ROMAGNA 12",
        "citta": "NERVESA DELLA BATTAGLIA",
        "cap": "31040",
        "telefono": "",
        "email": "",
        "web": ""
      }
    },
    {
      "type": "Feature",
      "geometry": {
        "type": "Point",
        "coordinates": [
          8.9727224,
          45.5544213
        ]
      },
      "properties": {
        "nome": "NERVIANO",
        "indirizzo": "VIA RONDANINI 5",
        "citta": "NERVIANO",
        "cap": "20014",
        "telefono": "",
        "email": "",
        "web": ""
      }
    },
    {
      "type": "Feature",
      "geometry": {
        "type": "Point",
        "coordinates": [
          9.269818,
          45.7487463
        ]
      },
      "properties": {
        "nome": "NIBIONNO",
        "indirizzo": "PIAZZA MARTIRI 3/A",
        "citta": "NIBIONNO",
        "cap": "23895",
        "telefono": "",
        "email": "",
        "web": ""
      }
    },
    {
      "type": "Feature",
      "geometry": {
        "type": "Point",
        "coordinates": [
          11.0607124,
          45.1820701
        ]
      },
      "properties": {
        "nome": "NOGARA-GAZZO VERONESE",
        "indirizzo": "VIA PALMINO STERZI 22",
        "citta": "NOGARA",
        "cap": "37054",
        "telefono": "",
        "email": "",
        "web": ""
      }
    },
    {
      "type": "Feature",
      "geometry": {
        "type": "Point",
        "coordinates": [
          10.89224,
          45.27256
        ]
      },
      "properties": {
        "nome": "NOGAROLE ROCCA",
        "indirizzo": "VIA VITTORIO VENETO 20",
        "citta": "NOGAROLE ROCCA",
        "cap": "37060",
        "telefono": "",
        "email": "",
        "web": ""
      }
    },
    {
      "type": "Feature",
      "geometry": {
        "type": "Point",
        "coordinates": [
          14.518728,
          40.9448571
        ]
      },
      "properties": {
        "nome": "NOLA-CIMITILE",
        "indirizzo": "VIA GRAMSCI 66",
        "citta": "CIMITILE",
        "cap": "80030",
        "telefono": "",
        "email": "",
        "web": ""
      }
    },
    {
      "type": "Feature",
      "geometry": {
        "type": "Point",
        "coordinates": [
          7.5703204,
          45.2457564
        ]
      },
      "properties": {
        "nome": "NOLE",
        "indirizzo": "VIA TORINO 127",
        "citta": "NOLE",
        "cap": "10076",
        "telefono": "",
        "email": "",
        "web": ""
      }
    },
    {
      "type": "Feature",
      "geometry": {
        "type": "Point",
        "coordinates": [
          7.5411167,
          44.9321326
        ]
      },
      "properties": {
        "nome": "NONE",
        "indirizzo": "VIA BRIGNONE 3",
        "citta": "NONE",
        "cap": "10060",
        "telefono": "",
        "email": "",
        "web": ""
      }
    },
    {
      "type": "Feature",
      "geometry": {
        "type": "Point",
        "coordinates": [
          9.1970292,
          45.581923
        ]
      },
      "properties": {
        "nome": "NOVA MILANESE",
        "indirizzo": "VIA BRODOLINI 2",
        "citta": "NOVA MILANESE",
        "cap": "20834",
        "telefono": "",
        "email": "",
        "web": ""
      }
    },
    {
      "type": "Feature",
      "geometry": {
        "type": "Point",
        "coordinates": [
          8.621859,
          45.4483794
        ]
      },
      "properties": {
        "nome": "NOVARA ",
        "indirizzo": "CORSO CAVOUR 15",
        "citta": "NOVARA",
        "cap": "28100",
        "telefono": "",
        "email": "",
        "web": ""
      }
    },
    {
      "type": "Feature",
      "geometry": {
        "type": "Point",
        "coordinates": [
          11.6808791,
          45.7250119
        ]
      },
      "properties": {
        "nome": "NOVE",
        "indirizzo": "VIA SAN GIUSEPPE 2",
        "citta": "NOVE",
        "cap": "36055",
        "telefono": "",
        "email": "",
        "web": ""
      }
    },
    {
      "type": "Feature",
      "geometry": {
        "type": "Point",
        "coordinates": [
          10.7275253,
          44.8431299
        ]
      },
      "properties": {
        "nome": "NOVELLARA",
        "indirizzo": "LARGO DELLA SOLIDARIETA' E DELLA PACE 3",
        "citta": "NOVELLARA",
        "cap": "42017",
        "telefono": "",
        "email": "",
        "web": ""
      }
    },
    {
      "type": "Feature",
      "geometry": {
        "type": "Point",
        "coordinates": [
          8.7866623,
          44.7667357
        ]
      },
      "properties": {
        "nome": "NOVI LIGURE",
        "indirizzo": "VIA DEI MILLE 52/A",
        "citta": "NOVI LIGURE",
        "cap": "15067",
        "telefono": "",
        "email": "",
        "web": ""
      }
    },
    {
      "type": "Feature",
      "geometry": {
        "type": "Point",
        "coordinates": [
          12.4820966,
          45.7744281
        ]
      },
      "properties": {
        "nome": "ODERZO",
        "indirizzo": "VIA ALTINATE 72",
        "citta": "ODERZO",
        "cap": "31046",
        "telefono": "",
        "email": "",
        "web": ""
      }
    },
    {
      "type": "Feature",
      "geometry": {
        "type": "Point",
        "coordinates": [
          13.691615,
          42.935152
        ]
      },
      "properties": {
        "nome": "OFFIDA",
        "indirizzo": "CORSO SERPENTE AUREO 79",
        "citta": "OFFIDA",
        "cap": "63073",
        "telefono": "",
        "email": "",
        "web": ""
      }
    },
    {
      "type": "Feature",
      "geometry": {
        "type": "Point",
        "coordinates": [
          9.35291,
          45.78958
        ]
      },
      "properties": {
        "nome": "OGGIONO",
        "indirizzo": "VIA LOCATELLI 15",
        "citta": "OGGIONO",
        "cap": "23848",
        "telefono": "",
        "email": "",
        "web": ""
      }
    },
    {
      "type": "Feature",
      "geometry": {
        "type": "Point",
        "coordinates": [
          9.4826179,
          40.9256071
        ]
      },
      "properties": {
        "nome": "OLBIA",
        "indirizzo": "VIA PINTURICCHIO 35",
        "citta": "OLBIA",
        "cap": "07026",
        "telefono": "",
        "email": "",
        "web": ""
      }
    },
    {
      "type": "Feature",
      "geometry": {
        "type": "Point",
        "coordinates": [
          8.6362321,
          45.5933104
        ]
      },
      "properties": {
        "nome": "OLEGGIO",
        "indirizzo": "VIA GAGGIOLO 11",
        "citta": "OLEGGIO",
        "cap": "28047",
        "telefono": "",
        "email": "",
        "web": ""
      }
    },
    {
      "type": "Feature",
      "geometry": {
        "type": "Point",
        "coordinates": [
          9.4033542,
          45.7282023
        ]
      },
      "properties": {
        "nome": "OLGIATE MOLGORA E CALCO",
        "indirizzo": "PIAZZA PAPA PAOLO VI ",
        "citta": "OLGIATE MOLGORA",
        "cap": "23887",
        "telefono": "",
        "email": "",
        "web": ""
      }
    },
    {
      "type": "Feature",
      "geometry": {
        "type": "Point",
        "coordinates": [
          8.8883249,
          45.6296646
        ]
      },
      "properties": {
        "nome": "OLGIATE OLONA",
        "indirizzo": "VIA L. GREPPI 6",
        "citta": "OLGIATE OLONA",
        "cap": "21075",
        "telefono": "",
        "email": "",
        "web": ""
      }
    },
    {
      "type": "Feature",
      "geometry": {
        "type": "Point",
        "coordinates": [
          9.412058,
          45.8016827
        ]
      },
      "properties": {
        "nome": "OLGINATE",
        "indirizzo": "PIAZZA ROMA 4",
        "citta": "OLGINATE",
        "cap": "23854",
        "telefono": "",
        "email": "",
        "web": ""
      }
    },
    {
      "type": "Feature",
      "geometry": {
        "type": "Point",
        "coordinates": [
          12.1793059,
          45.5172566
        ]
      },
      "properties": {
        "nome": "OLMO MARTELLAGO",
        "indirizzo": "VIA DAMIANO CHIESA 9/C",
        "citta": "MARTELLAGO",
        "cap": "30030",
        "telefono": "",
        "email": "",
        "web": ""
      }
    },
    {
      "type": "Feature",
      "geometry": {
        "type": "Point",
        "coordinates": [
          10.1244976,
          45.6241318
        ]
      },
      "properties": {
        "nome": "OME - MONTICELLI BRUSATI ",
        "indirizzo": "PIAZZA ALDO MORO 2",
        "citta": "OME",
        "cap": "25050",
        "telefono": "",
        "email": "",
        "web": ""
      }
    },
    {
      "type": "Feature",
      "geometry": {
        "type": "Point",
        "coordinates": [
          9.0207338,
          45.5970942
        ]
      },
      "properties": {
        "nome": "ORIGGIO",
        "indirizzo": "VIA PIANTANIDA 22",
        "citta": "ORIGGIO",
        "cap": "21040",
        "telefono": "",
        "email": "",
        "web": ""
      }
    },
    {
      "type": "Feature",
      "geometry": {
        "type": "Point",
        "coordinates": [
          9.692743,
          45.675958
        ]
      },
      "properties": {
        "nome": "ORIO AL SERIO",
        "indirizzo": "LARGO XXV APRILE 16",
        "citta": "ORIO AL SERIO",
        "cap": "24050",
        "telefono": "",
        "email": "",
        "web": ""
      }
    },
    {
      "type": "Feature",
      "geometry": {
        "type": "Point",
        "coordinates": [
          12.43843,
          45.77441
        ]
      },
      "properties": {
        "nome": "ORMELLE",
        "indirizzo": "STRADON 20",
        "citta": "ORMELLE",
        "cap": "31010",
        "telefono": "",
        "email": "",
        "web": ""
      }
    },
    {
      "type": "Feature",
      "geometry": {
        "type": "Point",
        "coordinates": [
          9.3642527,
          45.6081278
        ]
      },
      "properties": {
        "nome": "ORNAGO",
        "indirizzo": "VIA MARTIRI DI BOVES 1/I",
        "citta": "VIMERCATE",
        "cap": "20871",
        "telefono": "",
        "email": "",
        "web": ""
      }
    },
    {
      "type": "Feature",
      "geometry": {
        "type": "Point",
        "coordinates": [
          13.4878942,
          43.4856719
        ]
      },
      "properties": {
        "nome": "OSIMO",
        "indirizzo": "VIA MATTEOTTI 56",
        "citta": "OSIMO",
        "cap": "60027",
        "telefono": "",
        "email": "",
        "web": ""
      }
    },
    {
      "type": "Feature",
      "geometry": {
        "type": "Point",
        "coordinates": [
          9.593769,
          45.6180279
        ]
      },
      "properties": {
        "nome": "OSIO SOTTO",
        "indirizzo": "VIA MATTEOTTI 10",
        "citta": "OSIO SOTTO",
        "cap": "24046",
        "telefono": "",
        "email": "",
        "web": ""
      }
    },
    {
      "type": "Feature",
      "geometry": {
        "type": "Point",
        "coordinates": [
          10.6093773,
          45.1346194
        ]
      },
      "properties": {
        "nome": "OSPITALETTO MANTOVANO",
        "indirizzo": "VIA S. GIOVANNI BOSCO 9 - FRAZ. OSPITALETTO",
        "citta": "MARCARIA",
        "cap": "46010",
        "telefono": "",
        "email": "",
        "web": ""
      }
    },
    {
      "type": "Feature",
      "geometry": {
        "type": "Point",
        "coordinates": [
          10.2501174,
          45.2234556
        ]
      },
      "properties": {
        "nome": "OSTIANO",
        "indirizzo": "PIAZZA CAVOUR 11",
        "citta": "OSTIANO",
        "cap": "26032",
        "telefono": "",
        "email": "",
        "web": ""
      }
    },
    {
      "type": "Feature",
      "geometry": {
        "type": "Point",
        "coordinates": [
          13.1574471,
          43.6127321
        ]
      },
      "properties": {
        "nome": "OSTRA",
        "indirizzo": "VIA GRAMSCI 16",
        "citta": "OSTRA",
        "cap": "60010",
        "telefono": "",
        "email": "",
        "web": ""
      }
    },
    {
      "type": "Feature",
      "geometry": {
        "type": "Point",
        "coordinates": [
          17.5788635,
          40.7285702
        ]
      },
      "properties": {
        "nome": "OSTUNI",
        "indirizzo": "VIA MARTIRI DI KINDU' 97",
        "citta": "OSTUNI",
        "cap": "72017",
        "telefono": "",
        "email": "",
        "web": ""
      }
    },
    {
      "type": "Feature",
      "geometry": {
        "type": "Point",
        "coordinates": [
          9.0047406,
          40.5839165
        ]
      },
      "properties": {
        "nome": "OZIERI",
        "indirizzo": "PIAZZA FONTANA GRIXONI - PALAZZO PIETRI 6",
        "citta": "OZIERI",
        "cap": "07014",
        "telefono": "",
        "email": "",
        "web": ""
      }
    },
    {
      "type": "Feature",
      "geometry": {
        "type": "Point",
        "coordinates": [
          9.444158,
          45.6815988
        ]
      },
      "properties": {
        "nome": "PADERNO D'ADDA",
        "indirizzo": "PIAZZA VITTORIA 9",
        "citta": "PADERNO D ADDA",
        "cap": "23877",
        "telefono": "",
        "email": "",
        "web": ""
      }
    },
    {
      "type": "Feature",
      "geometry": {
        "type": "Point",
        "coordinates": [
          11.847867,
          45.827508
        ]
      },
      "properties": {
        "nome": "PADERNO DEL GRAPPA",
        "indirizzo": "VIA LUIGI CADORNA 7",
        "citta": "PADERNO DEL GRAPPA",
        "cap": "31010",
        "telefono": "",
        "email": "",
        "web": ""
      }
    },
    {
      "type": "Feature",
      "geometry": {
        "type": "Point",
        "coordinates": [
          11.8869766,
          45.4063143
        ]
      },
      "properties": {
        "nome": "PADOVA",
        "indirizzo": "VIA SANT'EUFEMIA 6",
        "citta": "PADOVA",
        "cap": "35121",
        "telefono": "",
        "email": "",
        "web": ""
      }
    },
    {
      "type": "Feature",
      "geometry": {
        "type": "Point",
        "coordinates": [
          9.6716761,
          45.5323689
        ]
      },
      "properties": {
        "nome": "PAGAZZANO",
        "indirizzo": "VIA ROMA C/O PALAZZO COMUNALE ",
        "citta": "PAGAZZANO",
        "cap": "24040",
        "telefono": "",
        "email": "",
        "web": ""
      }
    },
    {
      "type": "Feature",
      "geometry": {
        "type": "Point",
        "coordinates": [
          10.4015647,
          45.5526021
        ]
      },
      "properties": {
        "nome": "PAITONE",
        "indirizzo": "VIA D. BESCHI 8",
        "citta": "PAITONE",
        "cap": "25080",
        "telefono": "",
        "email": "",
        "web": ""
      }
    },
    {
      "type": "Feature",
      "geometry": {
        "type": "Point",
        "coordinates": [
          9.532842,
          45.752587
        ]
      },
      "properties": {
        "nome": "PALAZZAGO",
        "indirizzo": "VIA CA QUARENGO 2",
        "citta": "PALAZZAGO",
        "cap": "24030",
        "telefono": "",
        "email": "",
        "web": ""
      }
    },
    {
      "type": "Feature",
      "geometry": {
        "type": "Point",
        "coordinates": [
          9.5679318,
          45.3911141
        ]
      },
      "properties": {
        "nome": "PALAZZO PIGNANO",
        "indirizzo": "VIA MAGNETO 18",
        "citta": "PALAZZO PIGNANO",
        "cap": "26020",
        "telefono": "",
        "email": "",
        "web": ""
      }
    },
    {
      "type": "Feature",
      "geometry": {
        "type": "Point",
        "coordinates": [
          9.8861137,
          45.6000081
        ]
      },
      "properties": {
        "nome": "PALAZZOLO SULL'OGLIO",
        "indirizzo": "VIA SGRAZZUTTI 1",
        "citta": "PALAZZOLO SULL OGLIO",
        "cap": "25036",
        "telefono": "",
        "email": "",
        "web": ""
      }
    },
    {
      "type": "Feature",
      "geometry": {
        "type": "Point",
        "coordinates": [
          13.3529245,
          38.144806
        ]
      },
      "properties": {
        "nome": "PALERMO",
        "indirizzo": "VIA MARIANO D'AMELIO 26",
        "citta": "PALERMO",
        "cap": "90143",
        "telefono": "",
        "email": "",
        "web": ""
      }
    },
    {
      "type": "Feature",
      "geometry": {
        "type": "Point",
        "coordinates": [
          15.8877494,
          38.3853062
        ]
      },
      "properties": {
        "nome": "PALMI",
        "indirizzo": "VIA PROVINCIALE C/O CASADONTE SERGIO 1",
        "citta": "PALMI",
        "cap": "89015",
        "telefono": "",
        "email": "",
        "web": ""
      }
    },
    {
      "type": "Feature",
      "geometry": {
        "type": "Point",
        "coordinates": [
          9.835634,
          45.5842152
        ]
      },
      "properties": {
        "nome": "PALOSCO",
        "indirizzo": "PIAZZA CASTELLO 14",
        "citta": "PALOSCO",
        "cap": "24050",
        "telefono": "",
        "email": "",
        "web": ""
      }
    },
    {
      "type": "Feature",
      "geometry": {
        "type": "Point",
        "coordinates": [
          10.3087258,
          44.8054408
        ]
      },
      "properties": {
        "nome": "PARMA",
        "indirizzo": "VIA GRAMSCI PAD. RASORI 14",
        "citta": "PARMA",
        "cap": "43126",
        "telefono": "",
        "email": "",
        "web": ""
      }
    },
    {
      "type": "Feature",
      "geometry": {
        "type": "Point",
        "coordinates": [
          9.8888095,
          45.8736328
        ]
      },
      "properties": {
        "nome": "PARRE",
        "indirizzo": "VIA DUCA D'AOSTA 34",
        "citta": "PARRE",
        "cap": "24020",
        "telefono": "",
        "email": "",
        "web": ""
      }
    },
    {
      "type": "Feature",
      "geometry": {
        "type": "Point",
        "coordinates": [
          10.0729355,
          45.6120404
        ]
      },
      "properties": {
        "nome": "PASSIRANO",
        "indirizzo": "VIA CHIESA 28",
        "citta": "PASSIRANO",
        "cap": "25050",
        "telefono": "",
        "email": "",
        "web": ""
      }
    },
    {
      "type": "Feature",
      "geometry": {
        "type": "Point",
        "coordinates": [
          9.1486063,
          45.1956101
        ]
      },
      "properties": {
        "nome": "PAVIA",
        "indirizzo": "Piazzale Golgi",
        "citta": "PAVIA",
        "cap": "27100",
        "telefono": "",
        "email": "",
        "web": ""
      }
    },
    {
      "type": "Feature",
      "geometry": {
        "type": "Point",
        "coordinates": [
          9.7295719,
          45.6994372
        ]
      },
      "properties": {
        "nome": "PEDRENGO",
        "indirizzo": "VIA GIARDINI 10",
        "citta": "PEDRENGO",
        "cap": "24066",
        "telefono": "",
        "email": "",
        "web": ""
      }
    },
    {
      "type": "Feature",
      "geometry": {
        "type": "Point",
        "coordinates": [
          9.3613048,
          45.736637
        ]
      },
      "properties": {
        "nome": "PEREGO-ROVAGNATE-S.MARIA HOE'",
        "indirizzo": "VIA ROMA 17",
        "citta": "PEREGO",
        "cap": "23888",
        "telefono": "",
        "email": "",
        "web": ""
      }
    },
    {
      "type": "Feature",
      "geometry": {
        "type": "Point",
        "coordinates": [
          12.3461,
          43.08531
        ]
      },
      "properties": {
        "nome": "PERUGIA",
        "indirizzo": "PIAZZA V. MARTINELLI 1",
        "citta": "SAN SISTO-PERUGIA",
        "cap": "06132",
        "telefono": "",
        "email": "",
        "web": ""
      }
    },
    {
      "type": "Feature",
      "geometry": {
        "type": "Point",
        "coordinates": [
          12.8457316,
          43.9324778
        ]
      },
      "properties": {
        "nome": "PESARO ",
        "indirizzo": "VIA GUIDOBALDO DELLA ROVERE 13",
        "citta": "PESARO",
        "cap": "61121",
        "telefono": "",
        "email": "",
        "web": ""
      }
    },
    {
      "type": "Feature",
      "geometry": {
        "type": "Point",
        "coordinates": [
          12.8457316,
          43.9324778
        ]
      },
      "properties": {
        "nome": "PESARO E URBINO",
        "indirizzo": "VIA GUIDUBALDO DELLA ROVERE 13",
        "citta": "PESARO",
        "cap": "61121",
        "telefono": "",
        "email": "",
        "web": ""
      }
    },
    {
      "type": "Feature",
      "geometry": {
        "type": "Point",
        "coordinates": [
          10.8628655,
          45.4799511
        ]
      },
      "properties": {
        "nome": "PESCANTINA",
        "indirizzo": "VIA PONTE 93",
        "citta": "PESCANTINA",
        "cap": "37026",
        "telefono": "",
        "email": "",
        "web": ""
      }
    },
    {
      "type": "Feature",
      "geometry": {
        "type": "Point",
        "coordinates": [
          14.1970445,
          42.4637672
        ]
      },
      "properties": {
        "nome": "PESCARA",
        "indirizzo": "VIA FONTE ROMANA C/O OSP.LE CIVILE DELLO S.SPIRITO 8",
        "citta": "PESCARA",
        "cap": "65124",
        "telefono": "",
        "email": "",
        "web": ""
      }
    },
    {
      "type": "Feature",
      "geometry": {
        "type": "Point",
        "coordinates": [
          9.3929515,
          45.8263134
        ]
      },
      "properties": {
        "nome": "PESCATE",
        "indirizzo": "VIA SAN FRANCESCO 12",
        "citta": "PESCATE",
        "cap": "23855",
        "telefono": "",
        "email": "",
        "web": ""
      }
    },
    {
      "type": "Feature",
      "geometry": {
        "type": "Point",
        "coordinates": [
          9.3159216,
          45.4310935
        ]
      },
      "properties": {
        "nome": "PESCHIERA BORROMEO",
        "indirizzo": "PIAZZA PAOLO VI 4",
        "citta": "PESCHIERA BORROMEO",
        "cap": "20068",
        "telefono": "",
        "email": "",
        "web": ""
      }
    },
    {
      "type": "Feature",
      "geometry": {
        "type": "Point",
        "coordinates": [
          10.6883226,
          45.4331232
        ]
      },
      "properties": {
        "nome": "PESCHIERA DEL GARDA",
        "indirizzo": "VIA PIEMONTE 4/B",
        "citta": "PESCHIERA DEL GARDA",
        "cap": "37019",
        "telefono": "",
        "email": "",
        "web": ""
      }
    },
    {
      "type": "Feature",
      "geometry": {
        "type": "Point",
        "coordinates": [
          16.7918719,
          39.1124455
        ]
      },
      "properties": {
        "nome": "PETILIA POLICASTRO",
        "indirizzo": "VIA MERCATO SNC",
        "citta": "PETILIA POLICASTRO",
        "cap": "88837",
        "telefono": "",
        "email": "",
        "web": ""
      }
    },
    {
      "type": "Feature",
      "geometry": {
        "type": "Point",
        "coordinates": [
          9.6362101,
          45.7332946
        ]
      },
      "properties": {
        "nome": "PETOSINO",
        "indirizzo": "VIA MARTIRI DELLA LIBERTA 57",
        "citta": "SORISOLE",
        "cap": "24010",
        "telefono": "",
        "email": "",
        "web": ""
      }
    },
    {
      "type": "Feature",
      "geometry": {
        "type": "Point",
        "coordinates": [
          13.6569176,
          43.0670642
        ]
      },
      "properties": {
        "nome": "PETRITOLI",
        "indirizzo": "LARGO G. LEOPARDI 23",
        "citta": "PETRITOLI",
        "cap": "63848",
        "telefono": "",
        "email": "",
        "web": ""
      }
    },
    {
      "type": "Feature",
      "geometry": {
        "type": "Point",
        "coordinates": [
          7.623207,
          44.331734
        ]
      },
      "properties": {
        "nome": "PEVERAGNO (CN)",
        "indirizzo": "VIA ANGELO CAMPANA 20",
        "citta": "PEVERAGNO",
        "cap": "12016",
        "telefono": "",
        "email": "",
        "web": ""
      }
    },
    {
      "type": "Feature",
      "geometry": {
        "type": "Point",
        "coordinates": [
          10.2387837,
          45.7752612
        ]
      },
      "properties": {
        "nome": "PEZZAZE",
        "indirizzo": "VIA PARROCCHIA  1",
        "citta": "PEZZAZE",
        "cap": "25060",
        "telefono": "",
        "email": "",
        "web": ""
      }
    },
    {
      "type": "Feature",
      "geometry": {
        "type": "Point",
        "coordinates": [
          9.6830557,
          45.0545341
        ]
      },
      "properties": {
        "nome": "PIACENZA",
        "indirizzo": "VIA TAVERNA 49",
        "citta": "PIACENZA",
        "cap": "29121",
        "telefono": "",
        "email": "",
        "web": ""
      }
    },
    {
      "type": "Feature",
      "geometry": {
        "type": "Point",
        "coordinates": [
          10.3892893,
          45.1177376
        ]
      },
      "properties": {
        "nome": "PIADENA",
        "indirizzo": "VIA ALDO MORO C/O CENTRO CIVICO ",
        "citta": "PIADENA",
        "cap": "26034",
        "telefono": "",
        "email": "",
        "web": ""
      }
    },
    {
      "type": "Feature",
      "geometry": {
        "type": "Point",
        "coordinates": [
          10.997359,
          43.8816458
        ]
      },
      "properties": {
        "nome": "PIANA PISTOIESE",
        "indirizzo": "VIA BRANACCIA 14",
        "citta": "PIANA PISTOIESE",
        "cap": "51031",
        "telefono": "",
        "email": "",
        "web": ""
      }
    },
    {
      "type": "Feature",
      "geometry": {
        "type": "Point",
        "coordinates": [
          12.0290647,
          45.4590484
        ]
      },
      "properties": {
        "nome": "PIANIGA",
        "indirizzo": "VIA VICOLO ZAMPIERI 22",
        "citta": "PIANIGA",
        "cap": "30030",
        "telefono": "",
        "email": "",
        "web": ""
      }
    },
    {
      "type": "Feature",
      "geometry": {
        "type": "Point",
        "coordinates": [
          7.4562411,
          44.5679796
        ]
      },
      "properties": {
        "nome": "PIASCO",
        "indirizzo": "VIA UMBERTO I 51",
        "citta": "PIASCO",
        "cap": "12026",
        "telefono": "",
        "email": "",
        "web": ""
      }
    },
    {
      "type": "Feature",
      "geometry": {
        "type": "Point",
        "coordinates": [
          14.3966503,
          41.3623965
        ]
      },
      "properties": {
        "nome": "PIEDIMONTE MATESE",
        "indirizzo": "VIA LIMITE 11",
        "citta": "PIEDIMONTE MATESE",
        "cap": "81016",
        "telefono": "",
        "email": "",
        "web": ""
      }
    },
    {
      "type": "Feature",
      "geometry": {
        "type": "Point",
        "coordinates": [
          7.69141,
          45.05069
        ]
      },
      "properties": {
        "nome": "PIEMONTE",
        "indirizzo": "STRADA COMUNALE SAN VITO REVIGLIASCO 34",
        "citta": "TORINO",
        "cap": "10133",
        "telefono": "",
        "email": "",
        "web": ""
      }
    },
    {
      "type": "Feature",
      "geometry": {
        "type": "Point",
        "coordinates": [
          12.1755863,
          45.906303
        ]
      },
      "properties": {
        "nome": "PIEVE DI SOLIGO",
        "indirizzo": "VIA GIORGIONE 2/4",
        "citta": "PIEVE DI SOLIGO",
        "cap": "31053",
        "telefono": "",
        "email": "",
        "web": ""
      }
    },
    {
      "type": "Feature",
      "geometry": {
        "type": "Point",
        "coordinates": [
          10.1860581,
          45.1267606
        ]
      },
      "properties": {
        "nome": "PIEVE SAN GIACOMO",
        "indirizzo": "VIA GARIBALDI  4/6",
        "citta": "PIEVE SAN GIACOMO",
        "cap": "26035",
        "telefono": "",
        "email": "",
        "web": ""
      }
    },
    {
      "type": "Feature",
      "geometry": {
        "type": "Point",
        "coordinates": [
          10.5255549,
          42.9272765
        ]
      },
      "properties": {
        "nome": "PIOMBINO",
        "indirizzo": "VIALE DELLA REPUBBLICA 48",
        "citta": "PIOMBINO",
        "cap": "57025",
        "telefono": "",
        "email": "",
        "web": ""
      }
    },
    {
      "type": "Feature",
      "geometry": {
        "type": "Point",
        "coordinates": [
          10.3983956,
          43.7111389
        ]
      },
      "properties": {
        "nome": "PISA",
        "indirizzo": "PIAZZA VITTORIO EMANUELE II 18",
        "citta": "PISA",
        "cap": "56126",
        "telefono": "",
        "email": "",
        "web": ""
      }
    },
    {
      "type": "Feature",
      "geometry": {
        "type": "Point",
        "coordinates": [
          10.1101668,
          45.8018458
        ]
      },
      "properties": {
        "nome": "PISOGNE",
        "indirizzo": "VIA CAVOUR 1",
        "citta": "PISOGNE",
        "cap": "25055",
        "telefono": "",
        "email": "",
        "web": ""
      }
    },
    {
      "type": "Feature",
      "geometry": {
        "type": "Point",
        "coordinates": [
          10.91989,
          43.93564
        ]
      },
      "properties": {
        "nome": "PISTOIA",
        "indirizzo": "PIAZZA SAN LORENZO 29",
        "citta": "PISTOIA",
        "cap": "51100",
        "telefono": "",
        "email": "",
        "web": ""
      }
    },
    {
      "type": "Feature",
      "geometry": {
        "type": "Point",
        "coordinates": [
          9.8096351,
          45.1837649
        ]
      },
      "properties": {
        "nome": "PIZZIGHETTONE",
        "indirizzo": "VIA S. ARCHELAO 4",
        "citta": "PIZZIGHETTONE",
        "cap": "26026",
        "telefono": "",
        "email": "",
        "web": ""
      }
    },
    {
      "type": "Feature",
      "geometry": {
        "type": "Point",
        "coordinates": [
          11.1325379,
          44.9753138
        ]
      },
      "properties": {
        "nome": "POGGIO RUSCO",
        "indirizzo": "VIA MANTEGNA 11",
        "citta": "POGGIO RUSCO",
        "cap": "46025",
        "telefono": "",
        "email": "",
        "web": ""
      }
    },
    {
      "type": "Feature",
      "geometry": {
        "type": "Point",
        "coordinates": [
          8.9991366,
          45.5421894
        ]
      },
      "properties": {
        "nome": "POGLIANO MILANESE",
        "indirizzo": "VIA TOSCANINI 1",
        "citta": "POGLIANO MILANESE",
        "cap": "20010",
        "telefono": "",
        "email": "",
        "web": ""
      }
    },
    {
      "type": "Feature",
      "geometry": {
        "type": "Point",
        "coordinates": [
          13.3475787,
          43.2678187
        ]
      },
      "properties": {
        "nome": "POLLENZA",
        "indirizzo": "PIAZZA DELLA LIBERTA'  29",
        "citta": "POLLENZA",
        "cap": "62010",
        "telefono": "",
        "email": "",
        "web": ""
      }
    },
    {
      "type": "Feature",
      "geometry": {
        "type": "Point",
        "coordinates": [
          12.4999971,
          41.6703594
        ]
      },
      "properties": {
        "nome": "POMEZIA",
        "indirizzo": "VIA OVIDIO 44",
        "citta": "POMEZIA",
        "cap": "00071",
        "telefono": "",
        "email": "",
        "web": ""
      }
    },
    {
      "type": "Feature",
      "geometry": {
        "type": "Point",
        "coordinates": [
          10.1937142,
          45.461159
        ]
      },
      "properties": {
        "nome": "PONCARALE - BORGO",
        "indirizzo": "VIA A. GALLO 30",
        "citta": "PONCARALE",
        "cap": "25020",
        "telefono": "",
        "email": "",
        "web": ""
      }
    },
    {
      "type": "Feature",
      "geometry": {
        "type": "Point",
        "coordinates": [
          12.4941729,
          45.7023845
        ]
      },
      "properties": {
        "nome": "PONTE DI PIAVE",
        "indirizzo": "VIA VIVALDI 15",
        "citta": "SALGAREDA",
        "cap": "31040",
        "telefono": "",
        "email": "",
        "web": ""
      }
    },
    {
      "type": "Feature",
      "geometry": {
        "type": "Point",
        "coordinates": [
          9.5876017,
          45.6971917
        ]
      },
      "properties": {
        "nome": "PONTE SAN PIETRO",
        "indirizzo": "VIA MOIOLI 4 ",
        "citta": "PONTE SAN PIETRO",
        "cap": "24036",
        "telefono": "",
        "email": "",
        "web": ""
      }
    },
    {
      "type": "Feature",
      "geometry": {
        "type": "Point",
        "coordinates": [
          11.8073713,
          45.0188951
        ]
      },
      "properties": {
        "nome": "PONTECCHIO POLESINE",
        "indirizzo": "PIAZZA TORQUATO FRACCON 239",
        "citta": "PONTECCHIO POLESINE",
        "cap": "54030",
        "telefono": "",
        "email": "",
        "web": ""
      }
    },
    {
      "type": "Feature",
      "geometry": {
        "type": "Point",
        "coordinates": [
          9.6288534,
          44.8570721
        ]
      },
      "properties": {
        "nome": "PONTEDELLOLIO",
        "indirizzo": "STRADA DEI GATTONI",
        "citta": "6 - LOCALITA' RIVA DI PONTEDELLOLIO 6",
        "cap": "Italy",
        "telefono": "",
        "email": "",
        "web": ""
      }
    },
    {
      "type": "Feature",
      "geometry": {
        "type": "Point",
        "coordinates": [
          9.7861282,
          44.9995937
        ]
      },
      "properties": {
        "nome": "PONTENURE",
        "indirizzo": "VIA UGO MOSCHINI 16",
        "citta": "PONTENURE",
        "cap": "29010",
        "telefono": "",
        "email": "",
        "web": ""
      }
    },
    {
      "type": "Feature",
      "geometry": {
        "type": "Point",
        "coordinates": [
          9.651502,
          45.730417
        ]
      },
      "properties": {
        "nome": "PONTERANICA",
        "indirizzo": "VIA UNIONE 1",
        "citta": "PONTERANICA",
        "cap": "24010",
        "telefono": "",
        "email": "",
        "web": ""
      }
    },
    {
      "type": "Feature",
      "geometry": {
        "type": "Point",
        "coordinates": [
          10.0925621,
          45.2713659
        ]
      },
      "properties": {
        "nome": "PONTEVICO",
        "indirizzo": "PIAZZETTA GARIBALDI 1",
        "citta": "PONTEVICO",
        "cap": "25026",
        "telefono": "",
        "email": "",
        "web": ""
      }
    },
    {
      "type": "Feature",
      "geometry": {
        "type": "Point",
        "coordinates": [
          9.4995456,
          45.7316949
        ]
      },
      "properties": {
        "nome": "PONTIDA",
        "indirizzo": "LARGO DONATORI AVIS AIDO ",
        "citta": "PONTIDA",
        "cap": "24030",
        "telefono": "",
        "email": "",
        "web": ""
      }
    },
    {
      "type": "Feature",
      "geometry": {
        "type": "Point",
        "coordinates": [
          13.045618,
          41.4085242
        ]
      },
      "properties": {
        "nome": "PONTINIA",
        "indirizzo": "VIA CAVOUR 20",
        "citta": "PONTINIA",
        "cap": "04014",
        "telefono": "",
        "email": "",
        "web": ""
      }
    },
    {
      "type": "Feature",
      "geometry": {
        "type": "Point",
        "coordinates": [
          9.8587725,
          45.5720932
        ]
      },
      "properties": {
        "nome": "PONTOGLIO",
        "indirizzo": "VIA PIAVE 15",
        "citta": "PONTOGLIO",
        "cap": "25037",
        "telefono": "",
        "email": "",
        "web": ""
      }
    },
    {
      "type": "Feature",
      "geometry": {
        "type": "Point",
        "coordinates": [
          12.2334475,
          45.6939973
        ]
      },
      "properties": {
        "nome": "PONZANO VENETO",
        "indirizzo": "VIA BACHELET 7",
        "citta": "TREVISO",
        "cap": "31100",
        "telefono": "",
        "email": "",
        "web": ""
      }
    },
    {
      "type": "Feature",
      "geometry": {
        "type": "Point",
        "coordinates": [
          10.6267891,
          43.8362865
        ]
      },
      "properties": {
        "nome": "PORCARI",
        "indirizzo": "VIA ROMANA EST C/O CROCE VERDE 71/A",
        "citta": "PORCARI",
        "cap": "55016",
        "telefono": "",
        "email": "",
        "web": ""
      }
    },
    {
      "type": "Feature",
      "geometry": {
        "type": "Point",
        "coordinates": [
          12.6073474,
          45.9556332
        ]
      },
      "properties": {
        "nome": "PORCIA",
        "indirizzo": "VIA DELLE RISORGIVE 5",
        "citta": "PORCIA",
        "cap": "33080",
        "telefono": "",
        "email": "",
        "web": ""
      }
    },
    {
      "type": "Feature",
      "geometry": {
        "type": "Point",
        "coordinates": [
          12.661452,
          45.9563684
        ]
      },
      "properties": {
        "nome": "PORDENONE",
        "indirizzo": "VIA MONTEREALE 24",
        "citta": "PORDENONE",
        "cap": "33170",
        "telefono": "",
        "email": "",
        "web": ""
      }
    },
    {
      "type": "Feature",
      "geometry": {
        "type": "Point",
        "coordinates": [
          10.3975011,
          42.76525
        ]
      },
      "properties": {
        "nome": "PORTO AZZURRO",
        "indirizzo": "PIAZZA G. MATTEOTTI 10",
        "citta": "PORTO AZZURRO",
        "cap": "57036",
        "telefono": "",
        "email": "",
        "web": ""
      }
    },
    {
      "type": "Feature",
      "geometry": {
        "type": "Point",
        "coordinates": [
          8.8994799,
          45.9042858
        ]
      },
      "properties": {
        "nome": "PORTO CERESIO",
        "indirizzo": "PIAZZA LURASCHI 24",
        "citta": "PORTO CERESIO",
        "cap": "21050",
        "telefono": "",
        "email": "",
        "web": ""
      }
    },
    {
      "type": "Feature",
      "geometry": {
        "type": "Point",
        "coordinates": [
          13.6657181,
          43.4255328
        ]
      },
      "properties": {
        "nome": "PORTO RECANATI",
        "indirizzo": "VIA DANTE ALIGHIERI 2",
        "citta": "PORTO RECANATI",
        "cap": "62017",
        "telefono": "",
        "email": "",
        "web": ""
      }
    },
    {
      "type": "Feature",
      "geometry": {
        "type": "Point",
        "coordinates": [
          8.4050711,
          40.8325856
        ]
      },
      "properties": {
        "nome": "PORTO TORRES",
        "indirizzo": "VIA PRINCIPE DI PIEMONTE C/O CASA ASSOCIAZIONI 61",
        "citta": "PORTO TORRES",
        "cap": "07046",
        "telefono": "",
        "email": "",
        "web": ""
      }
    },
    {
      "type": "Feature",
      "geometry": {
        "type": "Point",
        "coordinates": [
          12.5385537,
          45.8608221
        ]
      },
      "properties": {
        "nome": "PORTOBUFFOLE'",
        "indirizzo": "VIA PAPA LUCIANI 15",
        "citta": "PORTOBUFFOLE'",
        "cap": "31039",
        "telefono": "",
        "email": "",
        "web": ""
      }
    },
    {
      "type": "Feature",
      "geometry": {
        "type": "Point",
        "coordinates": [
          16.2874477,
          40.1490282
        ]
      },
      "properties": {
        "nome": "POTENZA",
        "indirizzo": "VIA SANT'ANTUONO C/O AVIS SNC",
        "citta": "SENISE",
        "cap": "85038",
        "telefono": "",
        "email": "",
        "web": ""
      }
    },
    {
      "type": "Feature",
      "geometry": {
        "type": "Point",
        "coordinates": [
          13.6202816,
          43.3662743
        ]
      },
      "properties": {
        "nome": "POTENZA PICENA",
        "indirizzo": "VIA CUTINI 2",
        "citta": "POTENZA PICENA",
        "cap": "62018",
        "telefono": "",
        "email": "",
        "web": ""
      }
    },
    {
      "type": "Feature",
      "geometry": {
        "type": "Point",
        "coordinates": [
          12.2009724,
          45.7613615
        ]
      },
      "properties": {
        "nome": "POVEGLIANO",
        "indirizzo": "VIA PAVAN 5",
        "citta": "POVEGLIANO",
        "cap": "31050",
        "telefono": "",
        "email": "",
        "web": ""
      }
    },
    {
      "type": "Feature",
      "geometry": {
        "type": "Point",
        "coordinates": [
          9.452942,
          45.5134576
        ]
      },
      "properties": {
        "nome": "POZZUOLO MARTESANA",
        "indirizzo": "VIA MARTIRI DELLA LIBERAZIONE 24",
        "citta": "POZZUOLO MARTESANA",
        "cap": "20060",
        "telefono": "",
        "email": "",
        "web": ""
      }
    },
    {
      "type": "Feature",
      "geometry": {
        "type": "Point",
        "coordinates": [
          12.737125,
          45.813409
        ]
      },
      "properties": {
        "nome": "PRAMAGGIORE",
        "indirizzo": "PIAZZA LIBERTA' 48",
        "citta": "PRAMAGGIORE",
        "cap": "30020",
        "telefono": "",
        "email": "",
        "web": ""
      }
    },
    {
      "type": "Feature",
      "geometry": {
        "type": "Point",
        "coordinates": [
          12.567093,
          45.8451479
        ]
      },
      "properties": {
        "nome": "PRATA DI PORDENONE",
        "indirizzo": "VIA LEONARDO DA VINCI 42",
        "citta": "PRATA DI PORDENONE",
        "cap": "33080",
        "telefono": "",
        "email": "",
        "web": ""
      }
    },
    {
      "type": "Feature",
      "geometry": {
        "type": "Point",
        "coordinates": [
          11.09376,
          43.87745
        ]
      },
      "properties": {
        "nome": "PRATO",
        "indirizzo": "VIA SANT'ORSOLA 19 A",
        "citta": "PRATO",
        "cap": "59100",
        "telefono": "",
        "email": "",
        "web": ""
      }
    },
    {
      "type": "Feature",
      "geometry": {
        "type": "Point",
        "coordinates": [
          14.8535015,
          40.9863635
        ]
      },
      "properties": {
        "nome": "PRATOLA SERRA",
        "indirizzo": "VIA G. PICARDO 33",
        "citta": "PRATOLA SERRA",
        "cap": "83039",
        "telefono": "",
        "email": "",
        "web": ""
      }
    },
    {
      "type": "Feature",
      "geometry": {
        "type": "Point",
        "coordinates": [
          12.693083,
          45.817967
        ]
      },
      "properties": {
        "nome": "PRAVISDOMINI",
        "indirizzo": "VIA ROMA 14",
        "citta": "PRAVISDOMINI",
        "cap": "33076",
        "telefono": "",
        "email": "",
        "web": ""
      }
    },
    {
      "type": "Feature",
      "geometry": {
        "type": "Point",
        "coordinates": [
          7.6952675,
          45.0647992
        ]
      },
      "properties": {
        "nome": "PREDORE",
        "indirizzo": "PIAZZA VITTORIO VENETO 1",
        "citta": "PREDORE",
        "cap": "24040",
        "telefono": "",
        "email": "",
        "web": ""
      }
    },
    {
      "type": "Feature",
      "geometry": {
        "type": "Point",
        "coordinates": [
          12.2576,
          45.5889265
        ]
      },
      "properties": {
        "nome": "PREGANZIOL",
        "indirizzo": "VIA RIO SERVA 7",
        "citta": "PREGANZIOL",
        "cap": "31022",
        "telefono": "",
        "email": "",
        "web": ""
      }
    },
    {
      "type": "Feature",
      "geometry": {
        "type": "Point",
        "coordinates": [
          9.0089205,
          45.5168708
        ]
      },
      "properties": {
        "nome": "PREGNANA MILANESE",
        "indirizzo": "VIA MANZONI 8",
        "citta": "PREGNANA MILANESE",
        "cap": "20010",
        "telefono": "",
        "email": "",
        "web": ""
      }
    },
    {
      "type": "Feature",
      "geometry": {
        "type": "Point",
        "coordinates": [
          9.5638311,
          45.6911883
        ]
      },
      "properties": {
        "nome": "PRESEZZO",
        "indirizzo": "VIA VITTORIO VENETO 1267",
        "citta": "PRESEZZO",
        "cap": "24030",
        "telefono": "",
        "email": "",
        "web": ""
      }
    },
    {
      "type": "Feature",
      "geometry": {
        "type": "Point",
        "coordinates": [
          10.4226866,
          45.5523095
        ]
      },
      "properties": {
        "nome": "PREVALLE",
        "indirizzo": "VIALE RIMEMBRANZE 1",
        "citta": "PREVALLE",
        "cap": "25080",
        "telefono": "",
        "email": "",
        "web": ""
      }
    },
    {
      "type": "Feature",
      "geometry": {
        "type": "Point",
        "coordinates": [
          9.5607959,
          45.7191354
        ]
      },
      "properties": {
        "nome": "PREZZATE",
        "indirizzo": "VIA XXIV MAGGIO 6",
        "citta": "MAPELLO",
        "cap": "24030",
        "telefono": "",
        "email": "",
        "web": ""
      }
    },
    {
      "type": "Feature",
      "geometry": {
        "type": "Point",
        "coordinates": [
          10.0493817,
          45.635075
        ]
      },
      "properties": {
        "nome": "PROVAGLIO D'ISEO",
        "indirizzo": "VIA CESARE BATTISTI 11",
        "citta": "PROVAGLIO D ISEO",
        "cap": "25050",
        "telefono": "",
        "email": "",
        "web": ""
      }
    },
    {
      "type": "Feature",
      "geometry": {
        "type": "Point",
        "coordinates": [
          9.6866638,
          45.6955024
        ]
      },
      "properties": {
        "nome": "PROVINCIALE BERGAMO",
        "indirizzo": "VIA BORGO PALAZZO 90",
        "citta": "BERGAMO",
        "cap": "24125",
        "telefono": "",
        "email": "",
        "web": ""
      }
    },
    {
      "type": "Feature",
      "geometry": {
        "type": "Point",
        "coordinates": [
          10.2133756,
          45.5536588
        ]
      },
      "properties": {
        "nome": "PROVINCIALE BRESCIA",
        "indirizzo": "VIA MONTE CENGIO 20",
        "citta": "BRESCIA",
        "cap": "25128",
        "telefono": "",
        "email": "",
        "web": ""
      }
    },
    {
      "type": "Feature",
      "geometry": {
        "type": "Point",
        "coordinates": [
          14.3423249,
          41.0555754
        ]
      },
      "properties": {
        "nome": "Provinciale Caserta",
        "indirizzo": "Via P. Harris 79",
        "citta": "Caserta",
        "cap": "81100",
        "telefono": "+390823445001 +393403075310",
        "email": "",
        "web": ""
      }
    },
    {
      "type": "Feature",
      "geometry": {
        "type": "Point",
        "coordinates": [
          9.0893873,
          45.7907527
        ]
      },
      "properties": {
        "nome": "PROVINCIALE COMO",
        "indirizzo": "VIA NAPOLEONA C/O OSPEDALE SANT'ANNA 60",
        "citta": "COMO",
        "cap": "22100",
        "telefono": "",
        "email": "",
        "web": ""
      }
    },
    {
      "type": "Feature",
      "geometry": {
        "type": "Point",
        "coordinates": [
          10.4692654,
          45.0293522
        ]
      },
      "properties": {
        "nome": "PROVINCIALE CREMONA",
        "indirizzo": "VIA F. APORTI 28",
        "citta": "CREMONA",
        "cap": "26100",
        "telefono": "",
        "email": "",
        "web": ""
      }
    },
    {
      "type": "Feature",
      "geometry": {
        "type": "Point",
        "coordinates": [
          9.3897592,
          45.8645585
        ]
      },
      "properties": {
        "nome": "PROVINCIALE LECCO ",
        "indirizzo": "VIA ALDO MORO 4",
        "citta": "LECCO",
        "cap": "23900",
        "telefono": "",
        "email": "",
        "web": ""
      }
    },
    {
      "type": "Feature",
      "geometry": {
        "type": "Point",
        "coordinates": [
          9.501704,
          45.3170056
        ]
      },
      "properties": {
        "nome": "PROVINCIALE LODI ",
        "indirizzo": "VIA FANFULLA  22",
        "citta": "LODI",
        "cap": "26900",
        "telefono": "",
        "email": "",
        "web": ""
      }
    },
    {
      "type": "Feature",
      "geometry": {
        "type": "Point",
        "coordinates": [
          10.769253,
          45.1534946
        ]
      },
      "properties": {
        "nome": "PROVINCIALE MANTOVA",
        "indirizzo": "STRADA DOSSO DEL CORSO 1",
        "citta": "MANTOVA",
        "cap": "46100",
        "telefono": "",
        "email": "",
        "web": ""
      }
    },
    {
      "type": "Feature",
      "geometry": {
        "type": "Point",
        "coordinates": [
          9.4240607,
          45.5045315
        ]
      },
      "properties": {
        "nome": "PROVINCIALE MILANO ",
        "indirizzo": "VIA DE AMICIS  7",
        "citta": "MELZO",
        "cap": "20066",
        "telefono": "",
        "email": "",
        "web": ""
      }
    },
    {
      "type": "Feature",
      "geometry": {
        "type": "Point",
        "coordinates": [
          9.2675926,
          45.5781549
        ]
      },
      "properties": {
        "nome": "PROVINCIALE MONZA BRIANZA ",
        "indirizzo": "VIA SOLFERINO 16",
        "citta": "MONZA",
        "cap": "20900",
        "telefono": "",
        "email": "",
        "web": ""
      }
    },
    {
      "type": "Feature",
      "geometry": {
        "type": "Point",
        "coordinates": [
          9.1488409,
          45.19622
        ]
      },
      "properties": {
        "nome": "PROVINCIALE PAVIA ",
        "indirizzo": "PIAZZALE GOLGI C/O OSPEDALE S. MATTEO 2",
        "citta": "PAVIA",
        "cap": "27100",
        "telefono": "",
        "email": "",
        "web": ""
      }
    },
    {
      "type": "Feature",
      "geometry": {
        "type": "Point",
        "coordinates": [
          9.8753181,
          46.1701304
        ]
      },
      "properties": {
        "nome": "PROVINCIALE SONDRIO",
        "indirizzo": "VIA COLOMBARO 17",
        "citta": "SONDRIO",
        "cap": "23100",
        "telefono": "",
        "email": "",
        "web": ""
      }
    },
    {
      "type": "Feature",
      "geometry": {
        "type": "Point",
        "coordinates": [
          8.8342707,
          45.8213726
        ]
      },
      "properties": {
        "nome": "PROVINCIALE VARESE",
        "indirizzo": "VIA CAIROLI 14",
        "citta": "VARESE",
        "cap": "21100",
        "telefono": "",
        "email": "",
        "web": ""
      }
    },
    {
      "type": "Feature",
      "geometry": {
        "type": "Point",
        "coordinates": [
          15.540924,
          41.4569931
        ]
      },
      "properties": {
        "nome": "PUGLIA",
        "indirizzo": "VIA NAZARIO SAURO 1",
        "citta": "FOGGIA",
        "cap": "71121",
        "telefono": "",
        "email": "",
        "web": ""
      }
    },
    {
      "type": "Feature",
      "geometry": {
        "type": "Point",
        "coordinates": [
          17.1204087,
          40.8544104
        ]
      },
      "properties": {
        "nome": "PUTIGNANO",
        "indirizzo": "VIA VINCENZO LATERZA 1",
        "citta": "PUTIGNANO",
        "cap": "70017",
        "telefono": "",
        "email": "",
        "web": ""
      }
    },
    {
      "type": "Feature",
      "geometry": {
        "type": "Point",
        "coordinates": [
          8.3999775,
          44.8963857
        ]
      },
      "properties": {
        "nome": "QUATTORDIO",
        "indirizzo": "VIA PADANA OVEST 13",
        "citta": "QUATTORDIO",
        "cap": "15028",
        "telefono": "",
        "email": "",
        "web": ""
      }
    },
    {
      "type": "Feature",
      "geometry": {
        "type": "Point",
        "coordinates": [
          11.6471466,
          45.559639
        ]
      },
      "properties": {
        "nome": "QUINTO VICENTINO",
        "indirizzo": "VIA PIAVE 33",
        "citta": "QUINTO VICENTINO",
        "cap": "36050",
        "telefono": "",
        "email": "",
        "web": ""
      }
    },
    {
      "type": "Feature",
      "geometry": {
        "type": "Point",
        "coordinates": [
          10.9747693,
          45.4718633
        ]
      },
      "properties": {
        "nome": "QUINZANO",
        "indirizzo": "PIAZZA RIGHETTI 1",
        "citta": "VERONA",
        "cap": "37125",
        "telefono": "",
        "email": "",
        "web": ""
      }
    },
    {
      "type": "Feature",
      "geometry": {
        "type": "Point",
        "coordinates": [
          10.9810108,
          45.0094195
        ]
      },
      "properties": {
        "nome": "QUISTELLO",
        "indirizzo": "VIA MARTIRI DI BELFIORE 5",
        "citta": "QUISTELLO",
        "cap": "46026",
        "telefono": "",
        "email": "",
        "web": ""
      }
    },
    {
      "type": "Feature",
      "geometry": {
        "type": "Point",
        "coordinates": [
          14.7451209,
          36.9256527
        ]
      },
      "properties": {
        "nome": "RAGUSA",
        "indirizzo": "PIAZZA POLA C/O PALAZZO COMUNALE 5",
        "citta": "RAGUSA IBLA",
        "cap": "97100",
        "telefono": "",
        "email": "",
        "web": ""
      }
    },
    {
      "type": "Feature",
      "geometry": {
        "type": "Point",
        "coordinates": [
          9.7141458,
          45.7267495
        ]
      },
      "properties": {
        "nome": "RANICA",
        "indirizzo": "VIA SIMONE ELIA 2",
        "citta": "RANICA",
        "cap": "24020",
        "telefono": "",
        "email": "",
        "web": ""
      }
    },
    {
      "type": "Feature",
      "geometry": {
        "type": "Point",
        "coordinates": [
          15.6737874,
          40.9766198
        ]
      },
      "properties": {
        "nome": "RAPOLLA",
        "indirizzo": "PIAZZA DELLA LIBERTA' PALAZZO CRINGOLI 22",
        "citta": "RAPOLLA",
        "cap": "85027",
        "telefono": "",
        "email": "",
        "web": ""
      }
    },
    {
      "type": "Feature",
      "geometry": {
        "type": "Point",
        "coordinates": [
          12.2042512,
          44.4145894
        ]
      },
      "properties": {
        "nome": "RAVENNA",
        "indirizzo": "Via Oriani 44",
        "citta": "RAVENNA",
        "cap": "48121",
        "telefono": "",
        "email": "",
        "web": ""
      }
    },
    {
      "type": "Feature",
      "geometry": {
        "type": "Point",
        "coordinates": [
          13.5515093,
          43.3968329
        ]
      },
      "properties": {
        "nome": "RECANATI",
        "indirizzo": "P.LE ANDREA DA RECANATI  2",
        "citta": "RECANATI",
        "cap": "62019",
        "telefono": "",
        "email": "",
        "web": ""
      }
    },
    {
      "type": "Feature",
      "geometry": {
        "type": "Point",
        "coordinates": [
          15.6375413,
          38.1027006
        ]
      },
      "properties": {
        "nome": "REGGIO CALABRIA",
        "indirizzo": "c/o AVIS CORSO GARIBALDI 585",
        "citta": "REGGIO CALABRIA",
        "cap": "89127",
        "telefono": "",
        "email": "",
        "web": ""
      }
    },
    {
      "type": "Feature",
      "geometry": {
        "type": "Point",
        "coordinates": [
          10.6103035,
          44.6947875
        ]
      },
      "properties": {
        "nome": "REGGIO EMILIA",
        "indirizzo": "VIA MUZIO CLEMENTI 2/A",
        "citta": "REGGIO EMILIA",
        "cap": "42123",
        "telefono": "",
        "email": "",
        "web": ""
      }
    },
    {
      "type": "Feature",
      "geometry": {
        "type": "Point",
        "coordinates": [
          9.6866638,
          45.6955024
        ]
      },
      "properties": {
        "nome": "REGIONALE LOMBARDIA",
        "indirizzo": "VIA BORGO PALAZZO 90",
        "citta": "BERGAMO",
        "cap": "24125",
        "telefono": "",
        "email": "",
        "web": ""
      }
    },
    {
      "type": "Feature",
      "geometry": {
        "type": "Point",
        "coordinates": [
          11.1280697,
          45.0577029
        ]
      },
      "properties": {
        "nome": "REVERE",
        "indirizzo": "PIAZZA CASTELLO 10 - FRAZ. REVERE",
        "citta": "REVERE",
        "cap": "46036",
        "telefono": "",
        "email": "",
        "web": ""
      }
    },
    {
      "type": "Feature",
      "geometry": {
        "type": "Point",
        "coordinates": [
          11.8983708,
          45.7465092
        ]
      },
      "properties": {
        "nome": "RIESE PIO X",
        "indirizzo": "VIA COSTANZA 18",
        "citta": "RIESE PIO X",
        "cap": "31039",
        "telefono": "",
        "email": "",
        "web": ""
      }
    },
    {
      "type": "Feature",
      "geometry": {
        "type": "Point",
        "coordinates": [
          12.8602021,
          42.4027674
        ]
      },
      "properties": {
        "nome": "RIETI",
        "indirizzo": "PIAZZA VITTORIO EMANUELE - PALAZZO DOSI 17",
        "citta": "RIETI",
        "cap": "02100",
        "telefono": "",
        "email": "",
        "web": ""
      }
    },
    {
      "type": "Feature",
      "geometry": {
        "type": "Point",
        "coordinates": [
          12.5516724,
          44.0423867
        ]
      },
      "properties": {
        "nome": "RIMINI",
        "indirizzo": "C/O CASA DELLE ASSOCIAZIONI VIA COVIGLIANO 238",
        "citta": "RIMINI",
        "cap": "47923",
        "telefono": "",
        "email": "",
        "web": ""
      }
    },
    {
      "type": "Feature",
      "geometry": {
        "type": "Point",
        "coordinates": [
          13.7604984,
          42.9977954
        ]
      },
      "properties": {
        "nome": "RIPATRANSONE",
        "indirizzo": "CORSO VITTORIO EMANUELE 36",
        "citta": "RIPATRANSONE",
        "cap": "63065",
        "telefono": "",
        "email": "",
        "web": ""
      }
    },
    {
      "type": "Feature",
      "geometry": {
        "type": "Point",
        "coordinates": [
          10.431903,
          45.0711387
        ]
      },
      "properties": {
        "nome": "RIVAROLO MANTOVANO",
        "indirizzo": "VIA AVIS 1",
        "citta": "RIVAROLO MANTOVANO",
        "cap": "46017",
        "telefono": "",
        "email": "",
        "web": ""
      }
    },
    {
      "type": "Feature",
      "geometry": {
        "type": "Point",
        "coordinates": [
          9.6019755,
          44.9128098
        ]
      },
      "properties": {
        "nome": "RIVERGARO",
        "indirizzo": "VIA ROMA 43",
        "citta": "RIVERGARO",
        "cap": "29029",
        "telefono": "",
        "email": "",
        "web": ""
      }
    },
    {
      "type": "Feature",
      "geometry": {
        "type": "Point",
        "coordinates": [
          8.8865863,
          45.4328871
        ]
      },
      "properties": {
        "nome": "ROBECCO SUL NAVIGLIO",
        "indirizzo": "VIA L. ARIOSTO 7",
        "citta": "ROBECCO SUL NAVIGLIO",
        "cap": "20087",
        "telefono": "",
        "email": "",
        "web": ""
      }
    },
    {
      "type": "Feature",
      "geometry": {
        "type": "Point",
        "coordinates": [
          16.871323,
          39.1343558
        ]
      },
      "properties": {
        "nome": "ROCCABERNARDA",
        "indirizzo": "VIA DELLA RESISTENZA SNC",
        "citta": "ROCCABERNARDA",
        "cap": "88835",
        "telefono": "",
        "email": "",
        "web": ""
      }
    },
    {
      "type": "Feature",
      "geometry": {
        "type": "Point",
        "coordinates": [
          9.2733614,
          45.781955
        ]
      },
      "properties": {
        "nome": "ROGENO",
        "indirizzo": "VIA STAZIONE 2",
        "citta": "ROGENO",
        "cap": "23849",
        "telefono": "",
        "email": "",
        "web": ""
      }
    },
    {
      "type": "Feature",
      "geometry": {
        "type": "Point",
        "coordinates": [
          9.7853515,
          45.3792683
        ]
      },
      "properties": {
        "nome": "ROMANENGO ",
        "indirizzo": "VIA F.LLI DE BRAZZI 1",
        "citta": "ROMANENGO",
        "cap": "26014",
        "telefono": "",
        "email": "",
        "web": ""
      }
    },
    {
      "type": "Feature",
      "geometry": {
        "type": "Point",
        "coordinates": [
          11.7578929,
          45.7957511
        ]
      },
      "properties": {
        "nome": "ROMANO D'EZZELINO",
        "indirizzo": "PIAZZALE CADORNA ",
        "citta": "ROMANO D'EZZELINO",
        "cap": "36060",
        "telefono": "",
        "email": "",
        "web": ""
      }
    },
    {
      "type": "Feature",
      "geometry": {
        "type": "Point",
        "coordinates": [
          9.7514169,
          45.5193133
        ]
      },
      "properties": {
        "nome": "ROMANO DI LOMBARDIA",
        "indirizzo": "VIA S. FRANCESCO D ASSISI 12 C/O OSPEDALE SS. TRINITA  PIANO PRIMO",
        "citta": "ROMANO DI LOMBARDIA",
        "cap": "24058",
        "telefono": "",
        "email": "",
        "web": ""
      }
    },
    {
      "type": "Feature",
      "geometry": {
        "type": "Point",
        "coordinates": [
          12.3755687,
          45.6314728
        ]
      },
      "properties": {
        "nome": "RONCADE",
        "indirizzo": "VIA SAN ROCCO 8",
        "citta": "RONCADE",
        "cap": "31056",
        "telefono": "",
        "email": "",
        "web": ""
      }
    },
    {
      "type": "Feature",
      "geometry": {
        "type": "Point",
        "coordinates": [
          11.7613977,
          45.72247
        ]
      },
      "properties": {
        "nome": "ROSA'",
        "indirizzo": "VIA SCHALLSTADT 13",
        "citta": "ROSA'",
        "cap": "36027",
        "telefono": "",
        "email": "",
        "web": ""
      }
    },
    {
      "type": "Feature",
      "geometry": {
        "type": "Point",
        "coordinates": [
          12.2420257,
          45.0762901
        ]
      },
      "properties": {
        "nome": "ROSOLINA",
        "indirizzo": "VIALE MARCONI 110/B",
        "citta": "ROSOLINA",
        "cap": "45010",
        "telefono": "",
        "email": "",
        "web": ""
      }
    },
    {
      "type": "Feature",
      "geometry": {
        "type": "Point",
        "coordinates": [
          11.8114883,
          45.7215587
        ]
      },
      "properties": {
        "nome": "ROSSANO VENETO",
        "indirizzo": "VIA SAN ZENONE 258",
        "citta": "ROSSANO VENETO",
        "cap": "36028",
        "telefono": "",
        "email": "",
        "web": ""
      }
    },
    {
      "type": "Feature",
      "geometry": {
        "type": "Point",
        "coordinates": [
          7.4665066,
          45.0712717
        ]
      },
      "properties": {
        "nome": "ROSTA BUTTIGLIERA ALTA",
        "indirizzo": "PIAZZA RIVOLI 11",
        "citta": "ROSTA",
        "cap": "10090",
        "telefono": "",
        "email": "",
        "web": ""
      }
    },
    {
      "type": "Feature",
      "geometry": {
        "type": "Point",
        "coordinates": [
          9.9977735,
          45.5653786
        ]
      },
      "properties": {
        "nome": "ROVATO",
        "indirizzo": "VIA GOLGI 2",
        "citta": "ROVATO",
        "cap": "25038",
        "telefono": "",
        "email": "",
        "web": ""
      }
    },
    {
      "type": "Feature",
      "geometry": {
        "type": "Point",
        "coordinates": [
          10.8021728,
          45.2684422
        ]
      },
      "properties": {
        "nome": "ROVERBELLA",
        "indirizzo": "PIAZZALE DONATORI DEL SANGUE 1",
        "citta": "ROVERBELLA",
        "cap": "46048",
        "telefono": "",
        "email": "",
        "web": ""
      }
    },
    {
      "type": "Feature",
      "geometry": {
        "type": "Point",
        "coordinates": [
          11.7872456,
          45.0749779
        ]
      },
      "properties": {
        "nome": "ROVIGO",
        "indirizzo": "VIA DELLA PACE 5",
        "citta": "ROVIGO",
        "cap": "45100",
        "telefono": "",
        "email": "",
        "web": ""
      }
    },
    {
      "type": "Feature",
      "geometry": {
        "type": "Point",
        "coordinates": [
          10.7769458,
          44.6490908
        ]
      },
      "properties": {
        "nome": "RUBIERA",
        "indirizzo": "VIA ALCIDE DE GASPERI 1/A",
        "citta": "RUBIERA",
        "cap": "42048",
        "telefono": "",
        "email": "",
        "web": ""
      }
    },
    {
      "type": "Feature",
      "geometry": {
        "type": "Point",
        "coordinates": [
          9.8838948,
          45.4896818
        ]
      },
      "properties": {
        "nome": "RUDIANO",
        "indirizzo": "CORSO ALDO MORO - PALAZZO FENAROLI ",
        "citta": "RUDIANO",
        "cap": "25030",
        "telefono": "",
        "email": "",
        "web": ""
      }
    },
    {
      "type": "Feature",
      "geometry": {
        "type": "Point",
        "coordinates": [
          11.9469382,
          45.1328069
        ]
      },
      "properties": {
        "nome": "S. MARTINO DI VENEZZE",
        "indirizzo": "VIA CAVOUR 840",
        "citta": "SAN MARTINO DI VENEZZE",
        "cap": "45030",
        "telefono": "",
        "email": "",
        "web": ""
      }
    },
    {
      "type": "Feature",
      "geometry": {
        "type": "Point",
        "coordinates": [
          13.0305851,
          41.29925
        ]
      },
      "properties": {
        "nome": "SABAUDIA",
        "indirizzo": "VIA VERBANIA 26",
        "citta": "SABAUDIA",
        "cap": "04016",
        "telefono": "",
        "email": "",
        "web": ""
      }
    },
    {
      "type": "Feature",
      "geometry": {
        "type": "Point",
        "coordinates": [
          14.7755843,
          40.6823837
        ]
      },
      "properties": {
        "nome": "SALERNO",
        "indirizzo": "VIA ANDREA LAUROGROTTO 19",
        "citta": "SALERNO",
        "cap": "84135",
        "telefono": "",
        "email": "",
        "web": ""
      }
    },
    {
      "type": "Feature",
      "geometry": {
        "type": "Point",
        "coordinates": [
          12.4741744,
          45.7156985
        ]
      },
      "properties": {
        "nome": "SALGAREDA",
        "indirizzo": "VIA BOLZANO 1",
        "citta": "SALGAREDA",
        "cap": "31040",
        "telefono": "",
        "email": "",
        "web": ""
      }
    },
    {
      "type": "Feature",
      "geometry": {
        "type": "Point",
        "coordinates": [
          11.0906275,
          45.2425421
        ]
      },
      "properties": {
        "nome": "SALIZZOLE",
        "indirizzo": "VIA ROMA 211",
        "citta": "SALIZZOLE",
        "cap": "37056",
        "telefono": "",
        "email": "",
        "web": ""
      }
    },
    {
      "type": "Feature",
      "geometry": {
        "type": "Point",
        "coordinates": [
          10.5261908,
          45.6074638
        ]
      },
      "properties": {
        "nome": "SALO'",
        "indirizzo": "VIA BRUNATI ",
        "citta": "SALO",
        "cap": "25087",
        "telefono": "",
        "email": "",
        "web": ""
      }
    },
    {
      "type": "Feature",
      "geometry": {
        "type": "Point",
        "coordinates": [
          9.9870461,
          44.8168542
        ]
      },
      "properties": {
        "nome": "SALSOMAGGIORE TERME",
        "indirizzo": "VIA MACELLO 3",
        "citta": "SALSOMAGGIORE TERME",
        "cap": "43039",
        "telefono": "",
        "email": "",
        "web": ""
      }
    },
    {
      "type": "Feature",
      "geometry": {
        "type": "Point",
        "coordinates": [
          9.7796287,
          45.3534889
        ]
      },
      "properties": {
        "nome": "SALVIROLA",
        "indirizzo": "PIAZZA VITTORIA 16",
        "citta": "SALVIROLA",
        "cap": "26010",
        "telefono": "",
        "email": "",
        "web": ""
      }
    },
    {
      "type": "Feature",
      "geometry": {
        "type": "Point",
        "coordinates": [
          12.1080065,
          45.5225725
        ]
      },
      "properties": {
        "nome": "SALZANO",
        "indirizzo": "VIA MAMELI 2",
        "citta": "SALZANO",
        "cap": "30030",
        "telefono": "",
        "email": "",
        "web": ""
      }
    },
    {
      "type": "Feature",
      "geometry": {
        "type": "Point",
        "coordinates": [
          9.4029476,
          46.2425879
        ]
      },
      "properties": {
        "nome": "SAMOLACO-VALCHIAVENNA",
        "indirizzo": "VIA TRIVULZIA PRESSO BIBLIOTECA ",
        "citta": "SAMOLACO",
        "cap": "23027",
        "telefono": "",
        "email": "",
        "web": ""
      }
    },
    {
      "type": "Feature",
      "geometry": {
        "type": "Point",
        "coordinates": [
          9.8061169,
          45.2428199
        ]
      },
      "properties": {
        "nome": "SAN BASSANO",
        "indirizzo": "VIA ROMA 84",
        "citta": "SAN BASSANO",
        "cap": "26020",
        "telefono": "",
        "email": "",
        "web": ""
      }
    },
    {
      "type": "Feature",
      "geometry": {
        "type": "Point",
        "coordinates": [
          13.8772322,
          42.949614
        ]
      },
      "properties": {
        "nome": "SAN BEN. DEL T.-GROTTAMM.-MONTEPRAND.",
        "indirizzo": "VIA FILENI 1",
        "citta": "SAN BENEDETTO DEL TRONTO",
        "cap": "63074",
        "telefono": "",
        "email": "",
        "web": ""
      }
    },
    {
      "type": "Feature",
      "geometry": {
        "type": "Point",
        "coordinates": [
          12.331597,
          45.675692
        ]
      },
      "properties": {
        "nome": "SAN BIAGIO DI CALLALTA",
        "indirizzo": "VIA 1 MAGGIO 42/B",
        "citta": "SAN BIAGIO DI CALLALTA",
        "cap": "31048",
        "telefono": "",
        "email": "",
        "web": ""
      }
    },
    {
      "type": "Feature",
      "geometry": {
        "type": "Point",
        "coordinates": [
          11.2643103,
          45.3977639
        ]
      },
      "properties": {
        "nome": "SAN BONIFACIO",
        "indirizzo": "VIA C. BATTISTI 7",
        "citta": "SAN BONIFACIO",
        "cap": "37047",
        "telefono": "",
        "email": "",
        "web": ""
      }
    },
    {
      "type": "Feature",
      "geometry": {
        "type": "Point",
        "coordinates": [
          9.4904752,
          45.1826521
        ]
      },
      "properties": {
        "nome": "SAN COLOMBANO AL LAMBRO",
        "indirizzo": "VIA OTTAVIO STEFFENINI 207",
        "citta": "SAN COLOMBANO AL LAMBRO",
        "cap": "20078",
        "telefono": "",
        "email": "",
        "web": ""
      }
    },
    {
      "type": "Feature",
      "geometry": {
        "type": "Point",
        "coordinates": [
          7.6536817,
          45.2381351
        ]
      },
      "properties": {
        "nome": "SAN FRANCESCO AL CAMPO",
        "indirizzo": "VIA MILITARE 1",
        "citta": "SAN FRANCESCO AL CAMPO",
        "cap": "10070",
        "telefono": "",
        "email": "",
        "web": ""
      }
    },
    {
      "type": "Feature",
      "geometry": {
        "type": "Point",
        "coordinates": [
          10.1496834,
          45.3059988
        ]
      },
      "properties": {
        "nome": "SAN GERVASIO BRESCIANO",
        "indirizzo": "VIALE XXV APRILE 17",
        "citta": "SAN GERVASIO BRESCIANO",
        "cap": "25020",
        "telefono": "",
        "email": "",
        "web": ""
      }
    },
    {
      "type": "Feature",
      "geometry": {
        "type": "Point",
        "coordinates": [
          13.3674404,
          43.1429039
        ]
      },
      "properties": {
        "nome": "SAN GINESIO",
        "indirizzo": "PIAZZA VITTORIO EMANUELE 2",
        "citta": "RIPE SAN GINESIO",
        "cap": "62020",
        "telefono": "",
        "email": "",
        "web": ""
      }
    },
    {
      "type": "Feature",
      "geometry": {
        "type": "Point",
        "coordinates": [
          10.8343441,
          45.1828863
        ]
      },
      "properties": {
        "nome": "SAN GIORGIO DI MANTOVA E BIGARELLO",
        "indirizzo": "VIA CHIESE 19",
        "citta": "SAN GIORGIO DI MANTOVA",
        "cap": "46030",
        "telefono": "",
        "email": "",
        "web": ""
      }
    },
    {
      "type": "Feature",
      "geometry": {
        "type": "Point",
        "coordinates": [
          8.91146,
          45.57674
        ]
      },
      "properties": {
        "nome": "SAN GIORGIO SUL LEGNANO",
        "indirizzo": "VIA MELLA 1",
        "citta": "SAN GIORGIO SUL LEGNANO",
        "cap": "20010",
        "telefono": "",
        "email": "",
        "web": ""
      }
    },
    {
      "type": "Feature",
      "geometry": {
        "type": "Point",
        "coordinates": [
          9.6510585,
          45.8750867
        ]
      },
      "properties": {
        "nome": "SAN GIOVANNI BIANCO",
        "indirizzo": "VIA POZZOLO 2/A",
        "citta": "SAN GIOVANNI BIANCO",
        "cap": "24015",
        "telefono": "",
        "email": "",
        "web": ""
      }
    },
    {
      "type": "Feature",
      "geometry": {
        "type": "Point",
        "coordinates": [
          11.2352421,
          45.5242718
        ]
      },
      "properties": {
        "nome": "SAN GIOVANNI ILARIONE",
        "indirizzo": "VIA IV NOVEMBRE 63",
        "citta": "SAN GIOVANNI ILARIONE",
        "cap": "37035",
        "telefono": "",
        "email": "",
        "web": ""
      }
    },
    {
      "type": "Feature",
      "geometry": {
        "type": "Point",
        "coordinates": [
          9.2888683,
          45.3953843
        ]
      },
      "properties": {
        "nome": "SAN GIULIANO MILANESE",
        "indirizzo": "VIA TRIESTE 50",
        "citta": "SAN GIULIANO MILANESE",
        "cap": "20098",
        "telefono": "",
        "email": "",
        "web": ""
      }
    },
    {
      "type": "Feature",
      "geometry": {
        "type": "Point",
        "coordinates": [
          15.0091407,
          41.8701198
        ]
      },
      "properties": {
        "nome": "SAN MARTINO IN PENSILIS",
        "indirizzo": "LARGO SANTA MARIA SNC",
        "citta": "SAN MARTINO IN PENSILIS",
        "cap": "86046",
        "telefono": "",
        "email": "",
        "web": ""
      }
    },
    {
      "type": "Feature",
      "geometry": {
        "type": "Point",
        "coordinates": [
          7.6311357,
          45.2192643
        ]
      },
      "properties": {
        "nome": "SAN MAURIZIO CANAVESE",
        "indirizzo": "VIA XX SETTEMBRE 3",
        "citta": "SAN MAURIZIO CANAVESE",
        "cap": "10077",
        "telefono": "",
        "email": "",
        "web": ""
      }
    },
    {
      "type": "Feature",
      "geometry": {
        "type": "Point",
        "coordinates": [
          11.7045559,
          45.8247559
        ]
      },
      "properties": {
        "nome": "SAN NAZARIO",
        "indirizzo": "VIA EUROPA 5",
        "citta": "VALBRENTA",
        "cap": "36020",
        "telefono": "",
        "email": "",
        "web": ""
      }
    },
    {
      "type": "Feature",
      "geometry": {
        "type": "Point",
        "coordinates": [
          9.8057882,
          45.6910045
        ]
      },
      "properties": {
        "nome": "SAN PAOLO D'ARGON",
        "indirizzo": "VIA DEL CONVENTO 5",
        "citta": "SAN PAOLO D ARGON",
        "cap": "24060",
        "telefono": "",
        "email": "",
        "web": ""
      }
    },
    {
      "type": "Feature",
      "geometry": {
        "type": "Point",
        "coordinates": [
          9.6636916,
          45.8372698
        ]
      },
      "properties": {
        "nome": "SAN PELLEGRINO TERME",
        "indirizzo": "VIA SAN CARLO C/O VILLA SPERANZA 32",
        "citta": "SAN PELLEGRINO TERME",
        "cap": "24016",
        "telefono": "",
        "email": "",
        "web": ""
      }
    },
    {
      "type": "Feature",
      "geometry": {
        "type": "Point",
        "coordinates": [
          16.3458081,
          38.8470071
        ]
      },
      "properties": {
        "nome": "SAN PIETRO A MAIDA",
        "indirizzo": "PIAZZA LARGO DANTE ",
        "citta": "SAN PIETRO A MAIDA",
        "cap": "88025",
        "telefono": "",
        "email": "",
        "web": ""
      }
    },
    {
      "type": "Feature",
      "geometry": {
        "type": "Point",
        "coordinates": [
          15.3878639,
          41.6801683
        ]
      },
      "properties": {
        "nome": "SAN SEVERO",
        "indirizzo": "VICO G. GIUSTI 5",
        "citta": "SAN SEVERO",
        "cap": "71016",
        "telefono": "",
        "email": "",
        "web": ""
      }
    },
    {
      "type": "Feature",
      "geometry": {
        "type": "Point",
        "coordinates": [
          12.6799506,
          45.7304204
        ]
      },
      "properties": {
        "nome": "SAN STINO DI LIVENZA",
        "indirizzo": "VIA FORO BOARIO 4",
        "citta": "SAN STINO DI LIVENZA",
        "cap": "30029",
        "telefono": "",
        "email": "",
        "web": ""
      }
    },
    {
      "type": "Feature",
      "geometry": {
        "type": "Point",
        "coordinates": [
          13.9867816,
          42.2326915
        ]
      },
      "properties": {
        "nome": "SAN VALENTINO IN ABRUZZO CITERIORE",
        "indirizzo": "VIA FIUME 4",
        "citta": "SAN VALENTINO IN ABRUZZO CITERIORE",
        "cap": "65020",
        "telefono": "",
        "email": "",
        "web": ""
      }
    },
    {
      "type": "Feature",
      "geometry": {
        "type": "Point",
        "coordinates": [
          12.855282,
          45.9155226
        ]
      },
      "properties": {
        "nome": "SAN VITO AL TAGLIAMENTO",
        "indirizzo": "VIA DELLA STAZIONE 42",
        "citta": "SAN VITO AL TAGLIAMENTO",
        "cap": "33078",
        "telefono": "",
        "email": "",
        "web": ""
      }
    },
    {
      "type": "Feature",
      "geometry": {
        "type": "Point",
        "coordinates": [
          10.7469058,
          45.6529141
        ]
      },
      "properties": {
        "nome": "SAN ZENO DI MONTAGNA",
        "indirizzo": "VIA PONTE DEL DIAVOLO 2",
        "citta": "SAN ZENO DI MONTAGNA",
        "cap": "37010",
        "telefono": "",
        "email": "",
        "web": ""
      }
    },
    {
      "type": "Feature",
      "geometry": {
        "type": "Point",
        "coordinates": [
          11.8333111,
          45.7786467
        ]
      },
      "properties": {
        "nome": "SAN ZENONE DEGLI EZZELINI",
        "indirizzo": "VIA CA' BEMBIO 17",
        "citta": "SAN ZENONE DEGLI EZZELINI",
        "cap": "31020",
        "telefono": "",
        "email": "",
        "web": ""
      }
    },
    {
      "type": "Feature",
      "geometry": {
        "type": "Point",
        "coordinates": [
          11.1527348,
          45.1820565
        ]
      },
      "properties": {
        "nome": "SANGUINETTO",
        "indirizzo": "VIA INTERNO CASTELLO 13",
        "citta": "SANGUINETTO",
        "cap": "37058",
        "telefono": "",
        "email": "",
        "web": ""
      }
    },
    {
      "type": "Feature",
      "geometry": {
        "type": "Point",
        "coordinates": [
          8.9068967,
          45.1046581
        ]
      },
      "properties": {
        "nome": "SANNAZZARO",
        "indirizzo": "VIA G. MARCONI 32",
        "citta": "SANNAZZARO DE  BURGONDI",
        "cap": "27039",
        "telefono": "",
        "email": "",
        "web": ""
      }
    },
    {
      "type": "Feature",
      "geometry": {
        "type": "Point",
        "coordinates": [
          10.8341957,
          45.5249155
        ]
      },
      "properties": {
        "nome": "SANT'AMBROGIO DI VALPOLICELLA",
        "indirizzo": "VIA ALEARDI 12",
        "citta": "SANT'AMBROGIO DI VALPOLICELLA",
        "cap": "37015",
        "telefono": "",
        "email": "",
        "web": ""
      }
    },
    {
      "type": "Feature",
      "geometry": {
        "type": "Point",
        "coordinates": [
          9.4064821,
          45.2421897
        ]
      },
      "properties": {
        "nome": "SANT'ANGELO LODIGIANO",
        "indirizzo": "VIA CAVOUR 19",
        "citta": "SANT ANGELO LODIGIANO",
        "cap": "26866",
        "telefono": "",
        "email": "",
        "web": ""
      }
    },
    {
      "type": "Feature",
      "geometry": {
        "type": "Point",
        "coordinates": [
          13.6902474,
          43.2374328
        ]
      },
      "properties": {
        "nome": "SANT'ELPIDIO A MARE",
        "indirizzo": "VIA DELLA COSTITUZIONE 88",
        "citta": "SANT'ELPIDIO A MARE",
        "cap": "63811",
        "telefono": "",
        "email": "",
        "web": ""
      }
    },
    {
      "type": "Feature",
      "geometry": {
        "type": "Point",
        "coordinates": [
          14.031762,
          37.589165
        ]
      },
      "properties": {
        "nome": "SANTA CATERINA VILLARMOSA",
        "indirizzo": "PIAZZA GARIBALDI 34",
        "citta": "SANTA CATERINA VILLARMOSA",
        "cap": "93018",
        "telefono": "",
        "email": "",
        "web": ""
      }
    },
    {
      "type": "Feature",
      "geometry": {
        "type": "Point",
        "coordinates": [
          14.2580408,
          41.0874894
        ]
      },
      "properties": {
        "nome": "SANTA MARIA CAPUA A VETERE",
        "indirizzo": "VIA JAN PALACHE CENTRAL PARK 10",
        "citta": "SANTA MARIA CAPUA A VETERE",
        "cap": "81055",
        "telefono": "",
        "email": "",
        "web": ""
      }
    },
    {
      "type": "Feature",
      "geometry": {
        "type": "Point",
        "coordinates": [
          12.0154398,
          45.5214601
        ]
      },
      "properties": {
        "nome": "SANTA MARIA DI SALA",
        "indirizzo": "VIA DESMAN 175/A",
        "citta": "SANTA MARIA DI SALA",
        "cap": "30036",
        "telefono": "",
        "email": "",
        "web": ""
      }
    },
    {
      "type": "Feature",
      "geometry": {
        "type": "Point",
        "coordinates": [
          9.2082651,
          44.3319723
        ]
      },
      "properties": {
        "nome": "SANTA MARIA LIGURE",
        "indirizzo": "VIA MARTIRI DEL TURCHINO 2",
        "citta": "SANTA MARGHERITA LIGURE",
        "cap": "16038",
        "telefono": "",
        "email": "",
        "web": ""
      }
    },
    {
      "type": "Feature",
      "geometry": {
        "type": "Point",
        "coordinates": [
          13.3087593,
          43.4953573
        ]
      },
      "properties": {
        "nome": "SANTA MARIA NUOVA",
        "indirizzo": "CORSO MATTEOTTI 9",
        "citta": "SANTA MARIA NUOVA",
        "cap": "60030",
        "telefono": "",
        "email": "",
        "web": ""
      }
    },
    {
      "type": "Feature",
      "geometry": {
        "type": "Point",
        "coordinates": [
          16.9158621,
          39.1478065
        ]
      },
      "properties": {
        "nome": "SANTA SEVERINA",
        "indirizzo": "VIA XXIV MAGGIO 1",
        "citta": "SANTA SEVERINA",
        "cap": "88832",
        "telefono": "",
        "email": "",
        "web": ""
      }
    },
    {
      "type": "Feature",
      "geometry": {
        "type": "Point",
        "coordinates": [
          7.7697693,
          44.9504171
        ]
      },
      "properties": {
        "nome": "SANTENA",
        "indirizzo": "VIA MILITE IGNOTO 32",
        "citta": "SANTENA",
        "cap": "10026",
        "telefono": "",
        "email": "",
        "web": ""
      }
    },
    {
      "type": "Feature",
      "geometry": {
        "type": "Point",
        "coordinates": [
          8.9189632,
          45.489499
        ]
      },
      "properties": {
        "nome": "SANTO STEFANO TICINO",
        "indirizzo": "VIA PIAVE 9",
        "citta": "SANTO STEFANO TICINO",
        "cap": "20010",
        "telefono": "",
        "email": "",
        "web": ""
      }
    },
    {
      "type": "Feature",
      "geometry": {
        "type": "Point",
        "coordinates": [
          9.661638,
          39.97042
        ]
      },
      "properties": {
        "nome": "SARDEGNA",
        "indirizzo": "PIAZZA DI CHIESA 3",
        "citta": "ELMAS",
        "cap": "09067",
        "telefono": "",
        "email": "",
        "web": ""
      }
    },
    {
      "type": "Feature",
      "geometry": {
        "type": "Point",
        "coordinates": [
          10.1981499,
          45.660097
        ]
      },
      "properties": {
        "nome": "SAREZZO",
        "indirizzo": "VIA PUCCINI 25/A",
        "citta": "SAREZZO",
        "cap": "25068",
        "telefono": "",
        "email": "",
        "web": ""
      }
    },
    {
      "type": "Feature",
      "geometry": {
        "type": "Point",
        "coordinates": [
          9.4914899,
          45.0581454
        ]
      },
      "properties": {
        "nome": "SARMATO",
        "indirizzo": "VIA GRAMSCI 3",
        "citta": "SARMATO",
        "cap": "29010",
        "telefono": "",
        "email": "",
        "web": ""
      }
    },
    {
      "type": "Feature",
      "geometry": {
        "type": "Point",
        "coordinates": [
          9.9538539,
          45.6687841
        ]
      },
      "properties": {
        "nome": "SARNICO",
        "indirizzo": "VIA P.A.FACCANONI 6",
        "citta": "SARNICO",
        "cap": "24067",
        "telefono": "",
        "email": "",
        "web": ""
      }
    },
    {
      "type": "Feature",
      "geometry": {
        "type": "Point",
        "coordinates": [
          9.5753537,
          39.420147
        ]
      },
      "properties": {
        "nome": "SARRABUS",
        "indirizzo": "VIA VERDI 9",
        "citta": "MURAVERA",
        "cap": "09043",
        "telefono": "",
        "email": "",
        "web": ""
      }
    },
    {
      "type": "Feature",
      "geometry": {
        "type": "Point",
        "coordinates": [
          8.4050711,
          40.8325856
        ]
      },
      "properties": {
        "nome": "SASSARI",
        "indirizzo": "VIA PRINCIPE DI PIEMONTE C/O CASA ASSOCIAZIONI 61",
        "citta": "PORTO TORRES",
        "cap": "07046",
        "telefono": "",
        "email": "",
        "web": ""
      }
    },
    {
      "type": "Feature",
      "geometry": {
        "type": "Point",
        "coordinates": [
          8.5639133,
          40.7119097
        ]
      },
      "properties": {
        "nome": "SASSARI-ITTIRI",
        "indirizzo": "VIA VERONA C/O ANTONIO DESSANTI 24",
        "citta": "SASSARI",
        "cap": "07100",
        "telefono": "",
        "email": "",
        "web": ""
      }
    },
    {
      "type": "Feature",
      "geometry": {
        "type": "Point",
        "coordinates": [
          10.7952577,
          44.5417434
        ]
      },
      "properties": {
        "nome": "SASSUOLO",
        "indirizzo": "VIA DECORATI AL VALOR MILITARE 14",
        "citta": "SASSUOLO",
        "cap": "41049",
        "telefono": "",
        "email": "",
        "web": ""
      }
    },
    {
      "type": "Feature",
      "geometry": {
        "type": "Point",
        "coordinates": [
          8.47743,
          44.3136915
        ]
      },
      "properties": {
        "nome": "SAVONA",
        "indirizzo": "VIA SAN LORENZO 6",
        "citta": "SAVONA",
        "cap": "17100",
        "telefono": "",
        "email": "",
        "web": ""
      }
    },
    {
      "type": "Feature",
      "geometry": {
        "type": "Point",
        "coordinates": [
          9.7359582,
          45.7107799
        ]
      },
      "properties": {
        "nome": "SCANZOROSCIATE",
        "indirizzo": "VIA MONTE SAN MICHELE 3",
        "citta": "SCANZOROSCIATE",
        "cap": "24020",
        "telefono": "",
        "email": "",
        "web": ""
      }
    },
    {
      "type": "Feature",
      "geometry": {
        "type": "Point",
        "coordinates": [
          13.1055351,
          37.5124498
        ]
      },
      "properties": {
        "nome": "SCIACCA",
        "indirizzo": "VIA DEGLI AGRIFOGLI 16",
        "citta": "SCIACCA",
        "cap": "92019",
        "telefono": "",
        "email": "",
        "web": ""
      }
    },
    {
      "type": "Feature",
      "geometry": {
        "type": "Point",
        "coordinates": [
          14.6968048,
          36.7867534
        ]
      },
      "properties": {
        "nome": "SCICLI",
        "indirizzo": "VIALE I MAGGIO 5",
        "citta": "SCICLI",
        "cap": "97018",
        "telefono": "",
        "email": "",
        "web": ""
      }
    },
    {
      "type": "Feature",
      "geometry": {
        "type": "Point",
        "coordinates": [
          9.6255499,
          45.7811974
        ]
      },
      "properties": {
        "nome": "SEDRINA",
        "indirizzo": "VIA CA DAMIANI 66",
        "citta": "SEDRINA",
        "cap": "24010",
        "telefono": "",
        "email": "",
        "web": ""
      }
    },
    {
      "type": "Feature",
      "geometry": {
        "type": "Point",
        "coordinates": [
          9.3003204,
          45.495957
        ]
      },
      "properties": {
        "nome": "SEGRATE",
        "indirizzo": "VIA DEGLI ALPINI 4",
        "citta": "SEGRATE",
        "cap": "20090",
        "telefono": "",
        "email": "",
        "web": ""
      }
    },
    {
      "type": "Feature",
      "geometry": {
        "type": "Point",
        "coordinates": [
          10.345017,
          46.0565891
        ]
      },
      "properties": {
        "nome": "SELLERO",
        "indirizzo": "PIAZZA DONATORI DI SANGE 1",
        "citta": "SELLERO",
        "cap": "25050",
        "telefono": "",
        "email": "",
        "web": ""
      }
    },
    {
      "type": "Feature",
      "geometry": {
        "type": "Point",
        "coordinates": [
          10.1764446,
          45.2419682
        ]
      },
      "properties": {
        "nome": "SENIGA",
        "indirizzo": "VIA MARCONI 1",
        "citta": "SENIGA",
        "cap": "25020",
        "telefono": "",
        "email": "",
        "web": ""
      }
    },
    {
      "type": "Feature",
      "geometry": {
        "type": "Point",
        "coordinates": [
          9.5926824,
          45.1484043
        ]
      },
      "properties": {
        "nome": "SENNA LODIGIANA",
        "indirizzo": "VIA DANTE 1",
        "citta": "SENNA LODIGIANA",
        "cap": "26856",
        "telefono": "",
        "email": "",
        "web": ""
      }
    },
    {
      "type": "Feature",
      "geometry": {
        "type": "Point",
        "coordinates": [
          10.2259971,
          43.9940893
        ]
      },
      "properties": {
        "nome": "SERAVEZZA-STAZZEMA-FORTE DEI MARMI",
        "indirizzo": "VIA CORRADO DEL GRECO 11",
        "citta": "SERAVEZZA",
        "cap": "55047",
        "telefono": "",
        "email": "",
        "web": ""
      }
    },
    {
      "type": "Feature",
      "geometry": {
        "type": "Point",
        "coordinates": [
          9.2062331,
          45.6486626
        ]
      },
      "properties": {
        "nome": "SEREGNO",
        "indirizzo": "VIA E. POZZOLI ",
        "citta": "SEREGNO",
        "cap": "20831",
        "telefono": "",
        "email": "",
        "web": ""
      }
    },
    {
      "type": "Feature",
      "geometry": {
        "type": "Point",
        "coordinates": [
          9.7236198,
          45.6819653
        ]
      },
      "properties": {
        "nome": "SERIATE",
        "indirizzo": "VIA DECO E CANETTA 50",
        "citta": "SERIATE",
        "cap": "24068",
        "telefono": "",
        "email": "",
        "web": ""
      }
    },
    {
      "type": "Feature",
      "geometry": {
        "type": "Point",
        "coordinates": [
          11.2995094,
          45.0045287
        ]
      },
      "properties": {
        "nome": "SERMIDE",
        "indirizzo": "VICOLO MASTINE 4 - FRAZ. SERMIDE ",
        "citta": "SERMIDE",
        "cap": "46028",
        "telefono": "",
        "email": "",
        "web": ""
      }
    },
    {
      "type": "Feature",
      "geometry": {
        "type": "Point",
        "coordinates": [
          12.8019842,
          45.8561
        ]
      },
      "properties": {
        "nome": "SESTO AL REGHENA",
        "indirizzo": "VIA MARIGNANA CENTRO 23",
        "citta": "SESTO AL REGHENA",
        "cap": "33079",
        "telefono": "",
        "email": "",
        "web": ""
      }
    },
    {
      "type": "Feature",
      "geometry": {
        "type": "Point",
        "coordinates": [
          9.2355533,
          45.5334838
        ]
      },
      "properties": {
        "nome": "SESTO SAN GIOVANNI",
        "indirizzo": "VIA GIARDINI 32",
        "citta": "SESTO SAN GIOVANNI",
        "cap": "20099",
        "telefono": "",
        "email": "",
        "web": ""
      }
    },
    {
      "type": "Feature",
      "geometry": {
        "type": "Point",
        "coordinates": [
          7.7755503,
          45.1371336
        ]
      },
      "properties": {
        "nome": "SETTIMO TORINESE",
        "indirizzo": "VIA GALILEO FERRARIS 6",
        "citta": "SETTIMO MILANESE",
        "cap": "10036",
        "telefono": "",
        "email": "",
        "web": ""
      }
    },
    {
      "type": "Feature",
      "geometry": {
        "type": "Point",
        "coordinates": [
          13.9401935,
          37.1023347
        ]
      },
      "properties": {
        "nome": "SICILIA",
        "indirizzo": "VIA NAZARIO SAURO 1",
        "citta": "LICATA",
        "cap": "92027",
        "telefono": "",
        "email": "",
        "web": ""
      }
    },
    {
      "type": "Feature",
      "geometry": {
        "type": "Point",
        "coordinates": [
          13.4264798,
          37.3367698
        ]
      },
      "properties": {
        "nome": "SICULIANA",
        "indirizzo": "VIA A. DE GASPERI 5",
        "citta": "SICULIANA",
        "cap": "92010",
        "telefono": "",
        "email": "",
        "web": ""
      }
    },
    {
      "type": "Feature",
      "geometry": {
        "type": "Point",
        "coordinates": [
          11.3272801,
          43.3431772
        ]
      },
      "properties": {
        "nome": "SIENA",
        "indirizzo": "C/O A.O.U.S. VIALE BRACCI 16",
        "citta": "SIENA",
        "cap": "53100",
        "telefono": "",
        "email": "",
        "web": ""
      }
    },
    {
      "type": "Feature",
      "geometry": {
        "type": "Point",
        "coordinates": [
          14.9882151,
          37.279875
        ]
      },
      "properties": {
        "nome": "SIRACUSA",
        "indirizzo": "VIA MARCO POLO 3",
        "citta": "LENTINI",
        "cap": "96016",
        "telefono": "",
        "email": "",
        "web": ""
      }
    },
    {
      "type": "Feature",
      "geometry": {
        "type": "Point",
        "coordinates": [
          10.6110177,
          45.4610431
        ]
      },
      "properties": {
        "nome": "SIRMIONE",
        "indirizzo": "VIA XX SETTEMBRE ",
        "citta": "SIRMIONE",
        "cap": "25019",
        "telefono": "",
        "email": "",
        "web": ""
      }
    },
    {
      "type": "Feature",
      "geometry": {
        "type": "Point",
        "coordinates": [
          13.618195,
          43.5233295
        ]
      },
      "properties": {
        "nome": "SIROLO",
        "indirizzo": "VIA ROSSINI 12",
        "citta": "SIROLO",
        "cap": "60020",
        "telefono": "",
        "email": "",
        "web": ""
      }
    },
    {
      "type": "Feature",
      "geometry": {
        "type": "Point",
        "coordinates": [
          9.200198,
          45.3189525
        ]
      },
      "properties": {
        "nome": "SIZIANO",
        "indirizzo": "PIAZZA G. NEGRI 1",
        "citta": "SIZIANO",
        "cap": "27010",
        "telefono": "",
        "email": "",
        "web": ""
      }
    },
    {
      "type": "Feature",
      "geometry": {
        "type": "Point",
        "coordinates": [
          8.8834068,
          45.6514946
        ]
      },
      "properties": {
        "nome": "SOLBIATE OLONA",
        "indirizzo": "VIA XXV APRILE 2",
        "citta": "SOLBIATE OLONA",
        "cap": "21058",
        "telefono": "",
        "email": "",
        "web": ""
      }
    },
    {
      "type": "Feature",
      "geometry": {
        "type": "Point",
        "coordinates": [
          10.5751217,
          45.3187497
        ]
      },
      "properties": {
        "nome": "SOLFERINO",
        "indirizzo": "VIA SAN MARTINO 10/2",
        "citta": "GUIDIZZOLO",
        "cap": "46040",
        "telefono": "",
        "email": "",
        "web": ""
      }
    },
    {
      "type": "Feature",
      "geometry": {
        "type": "Point",
        "coordinates": [
          9.4856435,
          45.6787941
        ]
      },
      "properties": {
        "nome": "SOLZA",
        "indirizzo": "VIA SAN ROCCO C/O MUNICIPIO ",
        "citta": "SOLZA",
        "cap": "24030",
        "telefono": "",
        "email": "",
        "web": ""
      }
    },
    {
      "type": "Feature",
      "geometry": {
        "type": "Point",
        "coordinates": [
          9.6237573,
          45.6915821
        ]
      },
      "properties": {
        "nome": "SOMBRENO DI PALADINA",
        "indirizzo": "VIA BERGAMO C/O CENTRO PARR.LE SOMBRENO 14",
        "citta": "PALADINA",
        "cap": "24030",
        "telefono": "",
        "email": "",
        "web": ""
      }
    },
    {
      "type": "Feature",
      "geometry": {
        "type": "Point",
        "coordinates": [
          9.8765367,
          46.1688563
        ]
      },
      "properties": {
        "nome": "SONDRIO ",
        "indirizzo": "VIA N SAURO 45",
        "citta": "SONDRIO",
        "cap": "2100",
        "telefono": "",
        "email": "",
        "web": ""
      }
    },
    {
      "type": "Feature",
      "geometry": {
        "type": "Point",
        "coordinates": [
          13.248693,
          41.413643
        ]
      },
      "properties": {
        "nome": "SONNINO",
        "indirizzo": "VIA PELLEGRINI 36",
        "citta": "SONNINO",
        "cap": "04010",
        "telefono": "",
        "email": "",
        "web": ""
      }
    },
    {
      "type": "Feature",
      "geometry": {
        "type": "Point",
        "coordinates": [
          9.854342,
          45.2888604
        ]
      },
      "properties": {
        "nome": "SORESINA",
        "indirizzo": "PIAZZA MARCONI 11",
        "citta": "SORESINA",
        "cap": "26015",
        "telefono": "",
        "email": "",
        "web": ""
      }
    },
    {
      "type": "Feature",
      "geometry": {
        "type": "Point",
        "coordinates": [
          9.6625041,
          45.7439443
        ]
      },
      "properties": {
        "nome": "SORISOLE",
        "indirizzo": "VIAPIAVE 8",
        "citta": "SORISOLE",
        "cap": "24010",
        "telefono": "",
        "email": "",
        "web": ""
      }
    },
    {
      "type": "Feature",
      "geometry": {
        "type": "Point",
        "coordinates": [
          9.4988591,
          45.7059622
        ]
      },
      "properties": {
        "nome": "SOTTO IL MONTE",
        "indirizzo": "VIA DONATORI DI SANGUE E ORGANI 1",
        "citta": "SOTTO IL MONTE GIOVANNI XXIII",
        "cap": "24039",
        "telefono": "",
        "email": "",
        "web": ""
      }
    },
    {
      "type": "Feature",
      "geometry": {
        "type": "Point",
        "coordinates": [
          9.6693261,
          45.5831091
        ]
      },
      "properties": {
        "nome": "SPIRANO",
        "indirizzo": "PIAZZA ERE ",
        "citta": "SPIRANO",
        "cap": "24050",
        "telefono": "",
        "email": "",
        "web": ""
      }
    },
    {
      "type": "Feature",
      "geometry": {
        "type": "Point",
        "coordinates": [
          12.7399659,
          42.7398966
        ]
      },
      "properties": {
        "nome": "SPOLETO",
        "indirizzo": "VIA CARLO BANDINI C/O CESVOL 17",
        "citta": "SPOLETO",
        "cap": "06049",
        "telefono": "",
        "email": "",
        "web": ""
      }
    },
    {
      "type": "Feature",
      "geometry": {
        "type": "Point",
        "coordinates": [
          9.6531504,
          45.6496871
        ]
      },
      "properties": {
        "nome": "STEZZANO",
        "indirizzo": "VIA CARRARA BEROA 1",
        "citta": "STEZZANO",
        "cap": "24040",
        "telefono": "",
        "email": "",
        "web": ""
      }
    },
    {
      "type": "Feature",
      "geometry": {
        "type": "Point",
        "coordinates": [
          9.3082615,
          45.8185571
        ]
      },
      "properties": {
        "nome": "SUELLO-CESANA-BOSISIO PARINI ",
        "indirizzo": "VIA ROMA 14",
        "citta": "SUELLO",
        "cap": "23867",
        "telefono": "",
        "email": "",
        "web": ""
      }
    },
    {
      "type": "Feature",
      "geometry": {
        "type": "Point",
        "coordinates": [
          9.5023182,
          45.6575406
        ]
      },
      "properties": {
        "nome": "SUISIO",
        "indirizzo": "VIA A. DE GASPERI 2",
        "citta": "SUISIO",
        "cap": "24040",
        "telefono": "",
        "email": "",
        "web": ""
      }
    },
    {
      "type": "Feature",
      "geometry": {
        "type": "Point",
        "coordinates": [
          12.2555448,
          45.8234192
        ]
      },
      "properties": {
        "nome": "SUSEGANA",
        "indirizzo": "VIA VITTORIO VENETO 3",
        "citta": "SUSEGANA",
        "cap": "31058",
        "telefono": "",
        "email": "",
        "web": ""
      }
    },
    {
      "type": "Feature",
      "geometry": {
        "type": "Point",
        "coordinates": [
          10.996605,
          45.072733
        ]
      },
      "properties": {
        "nome": "SUSTINENTE",
        "indirizzo": "VIA MARCONI 2014/A",
        "citta": "SUSTINENTE",
        "cap": "46030",
        "telefono": "",
        "email": "",
        "web": ""
      }
    },
    {
      "type": "Feature",
      "geometry": {
        "type": "Point",
        "coordinates": [
          10.7448992,
          44.9966711
        ]
      },
      "properties": {
        "nome": "SUZZARA E MOTTEGGIANA",
        "indirizzo": "VIA GINA BIANCHI 30",
        "citta": "SUZZARA",
        "cap": "46029",
        "telefono": "",
        "email": "",
        "web": ""
      }
    },
    {
      "type": "Feature",
      "geometry": {
        "type": "Point",
        "coordinates": [
          17.2651783,
          40.4545684
        ]
      },
      "properties": {
        "nome": "TARANTO",
        "indirizzo": "VIA DONATORI DEL SANGUE 1",
        "citta": "TARANTO",
        "cap": "74123",
        "telefono": "",
        "email": "",
        "web": ""
      }
    },
    {
      "type": "Feature",
      "geometry": {
        "type": "Point",
        "coordinates": [
          12.2333243,
          45.970387
        ]
      },
      "properties": {
        "nome": "TARZO",
        "indirizzo": "VIA XXV APRILE 46",
        "citta": "TARZO",
        "cap": "31020",
        "telefono": "",
        "email": "",
        "web": ""
      }
    },
    {
      "type": "Feature",
      "geometry": {
        "type": "Point",
        "coordinates": [
          10.0447444,
          45.7102581
        ]
      },
      "properties": {
        "nome": "TAVERNOLA BERGAMASCA",
        "indirizzo": "VIA RINO P.ZZALE TERESINA PUSTERLA 1",
        "citta": "TAVERNOLA BERGAMASCA",
        "cap": "24060",
        "telefono": "",
        "email": "",
        "web": ""
      }
    },
    {
      "type": "Feature",
      "geometry": {
        "type": "Point",
        "coordinates": [
          12.7549543,
          43.8978602
        ]
      },
      "properties": {
        "nome": "TAVULLIA",
        "indirizzo": "VIA ROMA 29",
        "citta": "TAVULLIA",
        "cap": "61010",
        "telefono": "",
        "email": "",
        "web": ""
      }
    },
    {
      "type": "Feature",
      "geometry": {
        "type": "Point",
        "coordinates": [
          14.0654642,
          41.2490121
        ]
      },
      "properties": {
        "nome": "TEANO",
        "indirizzo": "VIA ORTO CERASO PARCO ARCOBALENO ",
        "citta": "TEANO",
        "cap": "81057",
        "telefono": "",
        "email": "",
        "web": ""
      }
    },
    {
      "type": "Feature",
      "geometry": {
        "type": "Point",
        "coordinates": [
          9.8522942,
          45.627523
        ]
      },
      "properties": {
        "nome": "TELGATE",
        "indirizzo": "VIA ARCIPRETE ARICI 27",
        "citta": "TELGATE",
        "cap": "24060",
        "telefono": "",
        "email": "",
        "web": ""
      }
    },
    {
      "type": "Feature",
      "geometry": {
        "type": "Point",
        "coordinates": [
          12.6448786,
          42.5604001
        ]
      },
      "properties": {
        "nome": "TERNI",
        "indirizzo": "VIA LUDOVICO AMINALE 30",
        "citta": "TERNI",
        "cap": "05100",
        "telefono": "",
        "email": "",
        "web": ""
      }
    },
    {
      "type": "Feature",
      "geometry": {
        "type": "Point",
        "coordinates": [
          11.1869331,
          44.6383418
        ]
      },
      "properties": {
        "nome": "TERRE D'ACQUA",
        "indirizzo": "VIA CORSO ITALIA 70",
        "citta": "SAN GIOVANNI IN PERSICETO",
        "cap": "40017",
        "telefono": "",
        "email": "",
        "web": ""
      }
    },
    {
      "type": "Feature",
      "geometry": {
        "type": "Point",
        "coordinates": [
          11.4076203,
          44.8056073
        ]
      },
      "properties": {
        "nome": "TERRE DEL RENO",
        "indirizzo": "VIA CA' BASSA  4",
        "citta": "TERRE DEL RENO",
        "cap": "44047",
        "telefono": "",
        "email": "",
        "web": ""
      }
    },
    {
      "type": "Feature",
      "geometry": {
        "type": "Point",
        "coordinates": [
          11.703066,
          45.6873809
        ]
      },
      "properties": {
        "nome": "TEZZE SUL BRENTA",
        "indirizzo": "VIA T. MANIN ",
        "citta": "TEZZE SUL BRENTA",
        "cap": "36056",
        "telefono": "",
        "email": "",
        "web": ""
      }
    },
    {
      "type": "Feature",
      "geometry": {
        "type": "Point",
        "coordinates": [
          15.3466201,
          38.2109551
        ]
      },
      "properties": {
        "nome": "TEZZE SUL BRENTA - BELVEDERE",
        "indirizzo": "VIA NAZIONALE 119",
        "citta": "TEZZE SUL BRENTA",
        "cap": "36056",
        "telefono": "",
        "email": "",
        "web": ""
      }
    },
    {
      "type": "Feature",
      "geometry": {
        "type": "Point",
        "coordinates": [
          10.1710381,
          46.215715
        ]
      },
      "properties": {
        "nome": "TIRANO",
        "indirizzo": "VIA LUNGOADDA V ALPINI 3",
        "citta": "TIRANO",
        "cap": "23037",
        "telefono": "",
        "email": "",
        "web": ""
      }
    },
    {
      "type": "Feature",
      "geometry": {
        "type": "Point",
        "coordinates": [
          13.2860764,
          43.2066724
        ]
      },
      "properties": {
        "nome": "TOLENTINO",
        "indirizzo": "VIALE FORO BOARIO 2",
        "citta": "TOLENTINO",
        "cap": "62019",
        "telefono": "",
        "email": "",
        "web": ""
      }
    },
    {
      "type": "Feature",
      "geometry": {
        "type": "Point",
        "coordinates": [
          7.69141,
          45.05069
        ]
      },
      "properties": {
        "nome": "TORINO",
        "indirizzo": "STRADA COMUNALE SAN VITO REVIGLIASCO 34",
        "citta": "TORINO",
        "cap": "10133",
        "telefono": "",
        "email": "",
        "web": ""
      }
    },
    {
      "type": "Feature",
      "geometry": {
        "type": "Point",
        "coordinates": [
          9.7080469,
          45.719464
        ]
      },
      "properties": {
        "nome": "TORRE BOLDONE",
        "indirizzo": "PIAZZA DEL BERSAGLIERE 5",
        "citta": "TORRE BOLDONE",
        "cap": "24020",
        "telefono": "",
        "email": "",
        "web": ""
      }
    },
    {
      "type": "Feature",
      "geometry": {
        "type": "Point",
        "coordinates": [
          9.501955,
          45.7742004
        ]
      },
      "properties": {
        "nome": "TORRE DE' BUSI",
        "indirizzo": "VIA PIAVE ",
        "citta": "TORRE DE  BUSI",
        "cap": "23806",
        "telefono": "",
        "email": "",
        "web": ""
      }
    },
    {
      "type": "Feature",
      "geometry": {
        "type": "Point",
        "coordinates": [
          9.7709797,
          45.7000762
        ]
      },
      "properties": {
        "nome": "TORRE DE' ROVERI",
        "indirizzo": "VIA PAPA GIOVANNI XXIII 2",
        "citta": "TORRE DE  ROVERI",
        "cap": "24060",
        "telefono": "",
        "email": "",
        "web": ""
      }
    },
    {
      "type": "Feature",
      "geometry": {
        "type": "Point",
        "coordinates": [
          17.1073024,
          39.3038655
        ]
      },
      "properties": {
        "nome": "TORRE MELISSA",
        "indirizzo": "VIA VILLAGGIO CRISTOFORO COLOMBO ",
        "citta": "TORRE MELISSA",
        "cap": "88814",
        "telefono": "",
        "email": "",
        "web": ""
      }
    },
    {
      "type": "Feature",
      "geometry": {
        "type": "Point",
        "coordinates": [
          10.6901044,
          45.6124044
        ]
      },
      "properties": {
        "nome": "TORRI DEL BENACO",
        "indirizzo": "VIA DELL'ORTAGLIA 93",
        "citta": "TORRI DEL BENACO",
        "cap": "37010",
        "telefono": "",
        "email": "",
        "web": ""
      }
    },
    {
      "type": "Feature",
      "geometry": {
        "type": "Point",
        "coordinates": [
          8.8640156,
          44.8976494
        ]
      },
      "properties": {
        "nome": "TORTONA",
        "indirizzo": "CORSO MONTEBELLO 58",
        "citta": "TORTONA",
        "cap": "15057",
        "telefono": "",
        "email": "",
        "web": ""
      }
    },
    {
      "type": "Feature",
      "geometry": {
        "type": "Point",
        "coordinates": [
          11.2432185,
          43.7740742
        ]
      },
      "properties": {
        "nome": "TOSCANA",
        "indirizzo": "VIA BORGO OGNISSANTI 20",
        "citta": "FIRENZE",
        "cap": "50123",
        "telefono": "",
        "email": "",
        "web": ""
      }
    },
    {
      "type": "Feature",
      "geometry": {
        "type": "Point",
        "coordinates": [
          16.4129311,
          41.276084
        ]
      },
      "properties": {
        "nome": "TRANI",
        "indirizzo": "CORSO IMBRIANI 209",
        "citta": "TRANI",
        "cap": "76125",
        "telefono": "",
        "email": "",
        "web": ""
      }
    },
    {
      "type": "Feature",
      "geometry": {
        "type": "Point",
        "coordinates": [
          10.3839375,
          44.6416939
        ]
      },
      "properties": {
        "nome": "TRAVERSETOLO",
        "indirizzo": "VIALE VERDI 48",
        "citta": "TRAVERSETOLO",
        "cap": "43029",
        "telefono": "",
        "email": "",
        "web": ""
      }
    },
    {
      "type": "Feature",
      "geometry": {
        "type": "Point",
        "coordinates": [
          11.4610701,
          45.0307
        ]
      },
      "properties": {
        "nome": "TRECENTA",
        "indirizzo": "PIAZZA MARCONI 1",
        "citta": "TRECENTA",
        "cap": "45027",
        "telefono": "",
        "email": "",
        "web": ""
      }
    },
    {
      "type": "Feature",
      "geometry": {
        "type": "Point",
        "coordinates": [
          11.124314,
          46.0607563
        ]
      },
      "properties": {
        "nome": "TRENTO",
        "indirizzo": "VIA SIGHELE 7",
        "citta": "TRENTO",
        "cap": "38122",
        "telefono": "",
        "email": "",
        "web": ""
      }
    },
    {
      "type": "Feature",
      "geometry": {
        "type": "Point",
        "coordinates": [
          9.8449228,
          45.6908995
        ]
      },
      "properties": {
        "nome": "TRESCORE BALNEARIO",
        "indirizzo": "VIA MAZZINI 13",
        "citta": "TRESCORE BALNEARIO",
        "cap": "24069",
        "telefono": "",
        "email": "",
        "web": ""
      }
    },
    {
      "type": "Feature",
      "geometry": {
        "type": "Point",
        "coordinates": [
          11.8972311,
          44.8173673
        ]
      },
      "properties": {
        "nome": "TRESIGALLO",
        "indirizzo": "PIAZZA ITALIA 26",
        "citta": "TRESIGALLO",
        "cap": "44039",
        "telefono": "",
        "email": "",
        "web": ""
      }
    },
    {
      "type": "Feature",
      "geometry": {
        "type": "Point",
        "coordinates": [
          12.0674726,
          45.7362078
        ]
      },
      "properties": {
        "nome": "TREVIGNANO",
        "indirizzo": "PIAZZA MEDAGLIE D'ARGENTO 2",
        "citta": "TREVIGNANO",
        "cap": "31040",
        "telefono": "",
        "email": "",
        "web": ""
      }
    },
    {
      "type": "Feature",
      "geometry": {
        "type": "Point",
        "coordinates": [
          9.6254806,
          45.6762455
        ]
      },
      "properties": {
        "nome": "TREVIOLO",
        "indirizzo": "VIA M.LLO CADORNA C/O ORATORIO 4",
        "citta": "TREVIOLO",
        "cap": "24048",
        "telefono": "",
        "email": "",
        "web": ""
      }
    },
    {
      "type": "Feature",
      "geometry": {
        "type": "Point",
        "coordinates": [
          12.257973,
          45.6607087
        ]
      },
      "properties": {
        "nome": "TREVISO",
        "indirizzo": "VIA DELL'OSPEDALE 1",
        "citta": "TREVISO",
        "cap": "31100",
        "telefono": "",
        "email": "",
        "web": ""
      }
    },
    {
      "type": "Feature",
      "geometry": {
        "type": "Point",
        "coordinates": [
          12.3352583,
          45.6231831
        ]
      },
      "properties": {
        "nome": "TREVISO",
        "indirizzo": "VIA VANTI 18",
        "citta": "S.ELENA DI SILEA",
        "cap": "31057",
        "telefono": "",
        "email": "",
        "web": ""
      }
    },
    {
      "type": "Feature",
      "geometry": {
        "type": "Point",
        "coordinates": [
          9.518146,
          45.607863
        ]
      },
      "properties": {
        "nome": "TREZZO D'ADDA",
        "indirizzo": "VIA SANTA MARTA 38",
        "citta": "TREZZO SULL ADDA",
        "cap": "20056",
        "telefono": "",
        "email": "",
        "web": ""
      }
    },
    {
      "type": "Feature",
      "geometry": {
        "type": "Point",
        "coordinates": [
          13.7810595,
          45.6493858
        ]
      },
      "properties": {
        "nome": "TRIESTE",
        "indirizzo": "PIAZZA DELL'OSPITALE C/O OSPED.LE MAGGIORE 1",
        "citta": "TRIESTE",
        "cap": "34129",
        "telefono": "",
        "email": "",
        "web": ""
      }
    },
    {
      "type": "Feature",
      "geometry": {
        "type": "Point",
        "coordinates": [
          9.8134206,
          45.3286922
        ]
      },
      "properties": {
        "nome": "TRIGOLO",
        "indirizzo": "VIA ROMA  43",
        "citta": "TRIGOLO",
        "cap": "26018",
        "telefono": "",
        "email": "",
        "web": ""
      }
    },
    {
      "type": "Feature",
      "geometry": {
        "type": "Point",
        "coordinates": [
          8.3003345,
          45.1956697
        ]
      },
      "properties": {
        "nome": "TRINO",
        "indirizzo": "VIA ORTIGARA 6",
        "citta": "TRINO",
        "cap": "13039",
        "telefono": "",
        "email": "",
        "web": ""
      }
    },
    {
      "type": "Feature",
      "geometry": {
        "type": "Point",
        "coordinates": [
          9.2702282,
          45.6627558
        ]
      },
      "properties": {
        "nome": "TRIUGGIO",
        "indirizzo": "VIA PUCCINI 2",
        "citta": "TRIUGGIO",
        "cap": "20884",
        "telefono": "",
        "email": "",
        "web": ""
      }
    },
    {
      "type": "Feature",
      "geometry": {
        "type": "Point",
        "coordinates": [
          7.7411828,
          44.9848269
        ]
      },
      "properties": {
        "nome": "TROFARELLO",
        "indirizzo": "VIA SAN GIOVANNI BOSCO 4",
        "citta": "TROFARELLO",
        "cap": "10028",
        "telefono": "",
        "email": "",
        "web": ""
      }
    },
    {
      "type": "Feature",
      "geometry": {
        "type": "Point",
        "coordinates": [
          12.0716942,
          43.2087987
        ]
      },
      "properties": {
        "nome": "TUORO SUL TRASIMENO",
        "indirizzo": "PIAZZA MUNICIPIO 13",
        "citta": "TUORO SUL TRASIMENO",
        "cap": "06069",
        "telefono": "",
        "email": "",
        "web": ""
      }
    },
    {
      "type": "Feature",
      "geometry": {
        "type": "Point",
        "coordinates": [
          8.7348272,
          45.5285582
        ]
      },
      "properties": {
        "nome": "TURBIGO",
        "indirizzo": "VIA XXV APRILE 18",
        "citta": "TURBIGO",
        "cap": "20029",
        "telefono": "",
        "email": "",
        "web": ""
      }
    },
    {
      "type": "Feature",
      "geometry": {
        "type": "Point",
        "coordinates": [
          9.6163532,
          45.7816692
        ]
      },
      "properties": {
        "nome": "UBIALE DI CLANEZZO",
        "indirizzo": "PIAZZA S. BARTOLOMEO 2",
        "citta": "UBIALE CLANEZZO",
        "cap": "24010",
        "telefono": "",
        "email": "",
        "web": ""
      }
    },
    {
      "type": "Feature",
      "geometry": {
        "type": "Point",
        "coordinates": [
          13.0015421,
          45.7685438
        ]
      },
      "properties": {
        "nome": "UDINE",
        "indirizzo": "VIA SABBIONERA  87",
        "citta": "LATISANA",
        "cap": "33053",
        "telefono": "",
        "email": "",
        "web": ""
      }
    },
    {
      "type": "Feature",
      "geometry": {
        "type": "Point",
        "coordinates": [
          13.2372178,
          46.0607923
        ]
      },
      "properties": {
        "nome": "UDINE",
        "indirizzo": "VIA SAVORGNANA 27",
        "citta": "UDINE",
        "cap": "33100",
        "telefono": "",
        "email": "",
        "web": ""
      }
    },
    {
      "type": "Feature",
      "geometry": {
        "type": "Point",
        "coordinates": [
          8.9531134,
          45.8194474
        ]
      },
      "properties": {
        "nome": "UGGIATE TREVANO",
        "indirizzo": "VIA CROCE ROSSA INTERNAZIONALE 1",
        "citta": "UGGIATE TREVANO",
        "cap": "22029",
        "telefono": "",
        "email": "",
        "web": ""
      }
    },
    {
      "type": "Feature",
      "geometry": {
        "type": "Point",
        "coordinates": [
          12.3461,
          43.08531
        ]
      },
      "properties": {
        "nome": "UMBRIA",
        "indirizzo": "PIAZZA V. MARTINELLI 1",
        "citta": "SAN SISTO-PERUGIA",
        "cap": "06132",
        "telefono": "",
        "email": "",
        "web": ""
      }
    },
    {
      "type": "Feature",
      "geometry": {
        "type": "Point",
        "coordinates": [
          9.6568864,
          45.9491601
        ]
      },
      "properties": {
        "nome": "UNIONE GRUPPI COMUNALI OLTRE LA GOGGIA ",
        "indirizzo": "PIAZZZA AVIS AIDO ",
        "citta": "PIAZZA BREMBANA",
        "cap": "24014",
        "telefono": "",
        "email": "",
        "web": ""
      }
    },
    {
      "type": "Feature",
      "geometry": {
        "type": "Point",
        "coordinates": [
          12.6314851,
          43.7291688
        ]
      },
      "properties": {
        "nome": "URBINO",
        "indirizzo": "VIA GRAMSCI 29",
        "citta": "URBINO",
        "cap": "61029",
        "telefono": "",
        "email": "",
        "web": ""
      }
    },
    {
      "type": "Feature",
      "geometry": {
        "type": "Point",
        "coordinates": [
          9.694812,
          45.5974435
        ]
      },
      "properties": {
        "nome": "URGNANO",
        "indirizzo": "VIA ROCCA 5",
        "citta": "URGNANO",
        "cap": "24059",
        "telefono": "",
        "email": "",
        "web": ""
      }
    },
    {
      "type": "Feature",
      "geometry": {
        "type": "Point",
        "coordinates": [
          11.123233,
          43.9695936
        ]
      },
      "properties": {
        "nome": "VAIANO",
        "indirizzo": "VIA GIULIO BRAGA 181",
        "citta": "VAIANO",
        "cap": "59021",
        "telefono": "",
        "email": "",
        "web": ""
      }
    },
    {
      "type": "Feature",
      "geometry": {
        "type": "Point",
        "coordinates": [
          9.5942518,
          45.8217487
        ]
      },
      "properties": {
        "nome": "VAL BREMBILLA",
        "indirizzo": "PIAZZA DEL VOLONTARIATO 2",
        "citta": "VAL BREMBILLA",
        "cap": "24012",
        "telefono": "",
        "email": "",
        "web": ""
      }
    },
    {
      "type": "Feature",
      "geometry": {
        "type": "Point",
        "coordinates": [
          11.0508068,
          46.3361502
        ]
      },
      "properties": {
        "nome": "VAL DI NON",
        "indirizzo": "PIAZZA C.A. PILATI 6",
        "citta": "TASSULLO",
        "cap": "38019",
        "telefono": "",
        "email": "",
        "web": ""
      }
    },
    {
      "type": "Feature",
      "geometry": {
        "type": "Point",
        "coordinates": [
          10.6953085,
          46.2979601
        ]
      },
      "properties": {
        "nome": "VAL DI SOLE",
        "indirizzo": "VIA S. PIETRO 24/2",
        "citta": "VERMIGLIO",
        "cap": "38029",
        "telefono": "",
        "email": "",
        "web": ""
      }
    },
    {
      "type": "Feature",
      "geometry": {
        "type": "Point",
        "coordinates": [
          7.2461195,
          44.8143052
        ]
      },
      "properties": {
        "nome": "VAL PELLICE",
        "indirizzo": "VIA ROMA 41",
        "citta": "LUSERNA SAN GIOVANNI",
        "cap": "10062",
        "telefono": "",
        "email": "",
        "web": ""
      }
    },
    {
      "type": "Feature",
      "geometry": {
        "type": "Point",
        "coordinates": [
          9.6067886,
          45.7180671
        ]
      },
      "properties": {
        "nome": "VALBREMBO",
        "indirizzo": "VIA DON MILANI 8",
        "citta": "VALBREMBO",
        "cap": "24030",
        "telefono": "",
        "email": "",
        "web": ""
      }
    },
    {
      "type": "Feature",
      "geometry": {
        "type": "Point",
        "coordinates": [
          11.9171218,
          43.3442119
        ]
      },
      "properties": {
        "nome": "VALDICHIANA",
        "indirizzo": "VIALE MAZZINI 41",
        "citta": "CASTIGLION FIORENTINO",
        "cap": "52043",
        "telefono": "",
        "email": "",
        "web": ""
      }
    },
    {
      "type": "Feature",
      "geometry": {
        "type": "Point",
        "coordinates": [
          10.7687239,
          43.882131
        ]
      },
      "properties": {
        "nome": "VALDINIEVOLE CENTRO ",
        "indirizzo": "VIA MANIN 22",
        "citta": "MONTECATINI TERME",
        "cap": "51016",
        "telefono": "",
        "email": "",
        "web": ""
      }
    },
    {
      "type": "Feature",
      "geometry": {
        "type": "Point",
        "coordinates": [
          12.0538264,
          45.9151735
        ]
      },
      "properties": {
        "nome": "VALDOBBIADENE",
        "indirizzo": "VIA BORGO VAL 10",
        "citta": "VALDOBBIADENE",
        "cap": "31049",
        "telefono": "",
        "email": "",
        "web": ""
      }
    },
    {
      "type": "Feature",
      "geometry": {
        "type": "Point",
        "coordinates": [
          10.7343791,
          45.3546919
        ]
      },
      "properties": {
        "nome": "VALEGGIO SUL MINCIO",
        "indirizzo": "VIA PIAZZETTA DELL'ORATORIO 5",
        "citta": "VALEGGIO SUL MINCIO",
        "cap": "37067",
        "telefono": "",
        "email": "",
        "web": ""
      }
    },
    {
      "type": "Feature",
      "geometry": {
        "type": "Point",
        "coordinates": [
          8.6389346,
          45.0157874
        ]
      },
      "properties": {
        "nome": "VALENZA",
        "indirizzo": "VIALE MANZONI 6",
        "citta": "VALENZA",
        "cap": "15048",
        "telefono": "",
        "email": "",
        "web": ""
      }
    },
    {
      "type": "Feature",
      "geometry": {
        "type": "Point",
        "coordinates": [
          10.2404195,
          45.9279366
        ]
      },
      "properties": {
        "nome": "VALGRIGNA",
        "indirizzo": "VIA MANZONI 35",
        "citta": "ESINE",
        "cap": "25040",
        "telefono": "",
        "email": "",
        "web": ""
      }
    },
    {
      "type": "Feature",
      "geometry": {
        "type": "Point",
        "coordinates": [
          11.040222,
          45.9003588
        ]
      },
      "properties": {
        "nome": "VALLAGARINA",
        "indirizzo": "VIA MOZART 3",
        "citta": "ROVERETO",
        "cap": "38068",
        "telefono": "",
        "email": "",
        "web": ""
      }
    },
    {
      "type": "Feature",
      "geometry": {
        "type": "Point",
        "coordinates": [
          10.6891169,
          43.9005078
        ]
      },
      "properties": {
        "nome": "VALLE DEI FIORI",
        "indirizzo": "PIAZZA XX SETTEMBRE ",
        "citta": "PESCIA",
        "cap": "51017",
        "telefono": "",
        "email": "",
        "web": ""
      }
    },
    {
      "type": "Feature",
      "geometry": {
        "type": "Point",
        "coordinates": [
          11.2651154,
          44.4795491
        ]
      },
      "properties": {
        "nome": "VALLE DEL RENO",
        "indirizzo": "VIA DEL FANCIULLO 6",
        "citta": "CASALECCHIO DI RENO",
        "cap": "40033",
        "telefono": "",
        "email": "",
        "web": ""
      }
    },
    {
      "type": "Feature",
      "geometry": {
        "type": "Point",
        "coordinates": [
          11.7245779,
          44.2762148
        ]
      },
      "properties": {
        "nome": "VALLE DEL SENIO",
        "indirizzo": "VIA A .MORO 2",
        "citta": "RIOLO TERME",
        "cap": "48025",
        "telefono": "",
        "email": "",
        "web": ""
      }
    },
    {
      "type": "Feature",
      "geometry": {
        "type": "Point",
        "coordinates": [
          11.5118835,
          46.2899688
        ]
      },
      "properties": {
        "nome": "VALLE DI FIEMME",
        "indirizzo": "VIA FIA 4",
        "citta": "TESERO",
        "cap": "38038",
        "telefono": "",
        "email": "",
        "web": ""
      }
    },
    {
      "type": "Feature",
      "geometry": {
        "type": "Point",
        "coordinates": [
          10.0908872,
          45.9957536
        ]
      },
      "properties": {
        "nome": "VALLE DI SCALVE",
        "indirizzo": "VIA POLINI 7",
        "citta": "VILMINORE DI SCALVE",
        "cap": "24020",
        "telefono": "",
        "email": "",
        "web": ""
      }
    },
    {
      "type": "Feature",
      "geometry": {
        "type": "Point",
        "coordinates": [
          9.5327991,
          45.8146493
        ]
      },
      "properties": {
        "nome": "VALLE IMAGNA",
        "indirizzo": "VIA V.VENETO 167",
        "citta": "SANT OMOBONO TERME",
        "cap": "24038",
        "telefono": "",
        "email": "",
        "web": ""
      }
    },
    {
      "type": "Feature",
      "geometry": {
        "type": "Point",
        "coordinates": [
          9.7294518,
          45.8723375
        ]
      },
      "properties": {
        "nome": "VALLE SERINA",
        "indirizzo": "VIA PALMA IL VECCHIO 50",
        "citta": "SERINA",
        "cap": "24017",
        "telefono": "",
        "email": "",
        "web": ""
      }
    },
    {
      "type": "Feature",
      "geometry": {
        "type": "Point",
        "coordinates": [
          9.3596959,
          45.8481429
        ]
      },
      "properties": {
        "nome": "VALMADRERA",
        "indirizzo": "VIA FATEBENEFRATELLI 6",
        "citta": "VALMADRERA",
        "cap": "23868",
        "telefono": "",
        "email": "",
        "web": ""
      }
    },
    {
      "type": "Feature",
      "geometry": {
        "type": "Point",
        "coordinates": [
          9.8496405,
          46.264127
        ]
      },
      "properties": {
        "nome": "VALMALENCO ",
        "indirizzo": "VIA ROMA 120",
        "citta": "CHIESA IN VALMALENCO",
        "cap": "23023",
        "telefono": "",
        "email": "",
        "web": ""
      }
    },
    {
      "type": "Feature",
      "geometry": {
        "type": "Point",
        "coordinates": [
          11.6900487,
          45.7876026
        ]
      },
      "properties": {
        "nome": "VALROVINA - BASSANO DEL GRAPPA",
        "indirizzo": "VIA CHIESA VALROVINA 33",
        "citta": "BASSANO DEL GRAPPA",
        "cap": "36061",
        "telefono": "",
        "email": "",
        "web": ""
      }
    },
    {
      "type": "Feature",
      "geometry": {
        "type": "Point",
        "coordinates": [
          16.4443899,
          40.173113
        ]
      },
      "properties": {
        "nome": "VALSINNI",
        "indirizzo": "VIA CARMINE 46",
        "citta": "VALSINNI",
        "cap": "75029",
        "telefono": "",
        "email": "",
        "web": ""
      }
    },
    {
      "type": "Feature",
      "geometry": {
        "type": "Point",
        "coordinates": [
          8.7036552,
          45.7764596
        ]
      },
      "properties": {
        "nome": "VARANO BORGHI",
        "indirizzo": "VIA VITTORIO VENETO 7",
        "citta": "VARANO BORGHI",
        "cap": "21020",
        "telefono": "",
        "email": "",
        "web": ""
      }
    },
    {
      "type": "Feature",
      "geometry": {
        "type": "Point",
        "coordinates": [
          12.3807137,
          45.839616
        ]
      },
      "properties": {
        "nome": "VAZZOLA",
        "indirizzo": "VIA CAMPANA 23",
        "citta": "VAZZOLA",
        "cap": "31028",
        "telefono": "",
        "email": "",
        "web": ""
      }
    },
    {
      "type": "Feature",
      "geometry": {
        "type": "Point",
        "coordinates": [
          11.3717257,
          45.7987431
        ]
      },
      "properties": {
        "nome": "VELO D'ASTICO",
        "indirizzo": "VIA VILLA CARRE 16/b",
        "citta": "VELO D'ASTICO",
        "cap": "36010",
        "telefono": "",
        "email": "",
        "web": ""
      }
    },
    {
      "type": "Feature",
      "geometry": {
        "type": "Point",
        "coordinates": [
          12.2230154,
          45.5138501
        ]
      },
      "properties": {
        "nome": "VENETO",
        "indirizzo": "VIA DELLA PACCAGNELLA C/O OSPEDALE DELL'ANGELO 11",
        "citta": "MESTRE",
        "cap": "30174",
        "telefono": "",
        "email": "",
        "web": ""
      }
    },
    {
      "type": "Feature",
      "geometry": {
        "type": "Point",
        "coordinates": [
          12.2232083,
          45.513721
        ]
      },
      "properties": {
        "nome": "VENEZIA",
        "indirizzo": "VIA DELLA PACCAGNELLA C/O OSPEDALE DELL'ANGELO 11",
        "citta": "MESTRE - VENEZIA",
        "cap": "30174",
        "telefono": "",
        "email": "",
        "web": ""
      }
    },
    {
      "type": "Feature",
      "geometry": {
        "type": "Point",
        "coordinates": [
          12.3430294,
          45.4398596
        ]
      },
      "properties": {
        "nome": "VENEZIA-CENTRO STORICO",
        "indirizzo": "VIA CASTELLO-CALLE CAVALLERIZZA 6697",
        "citta": "VENEZIA",
        "cap": "30122",
        "telefono": "",
        "email": "",
        "web": ""
      }
    },
    {
      "type": "Feature",
      "geometry": {
        "type": "Point",
        "coordinates": [
          9.2303647,
          45.6880722
        ]
      },
      "properties": {
        "nome": "VERANO BRIANZA",
        "indirizzo": "PIAZZA LIBERAZIONE 1",
        "citta": "VERANO BRIANZA",
        "cap": "20843",
        "telefono": "",
        "email": "",
        "web": ""
      }
    },
    {
      "type": "Feature",
      "geometry": {
        "type": "Point",
        "coordinates": [
          8.4205775,
          45.3239512
        ]
      },
      "properties": {
        "nome": "VERCELLI",
        "indirizzo": "CORSO LIBERTA' 72",
        "citta": "VERCELLI",
        "cap": "13100",
        "telefono": "",
        "email": "",
        "web": ""
      }
    },
    {
      "type": "Feature",
      "geometry": {
        "type": "Point",
        "coordinates": [
          9.4198627,
          45.8055688
        ]
      },
      "properties": {
        "nome": "VERCURAGO",
        "indirizzo": "VIA MARTIRI DELLA LIBERTA 3",
        "citta": "VERCURAGO",
        "cap": "23808",
        "telefono": "",
        "email": "",
        "web": ""
      }
    },
    {
      "type": "Feature",
      "geometry": {
        "type": "Point",
        "coordinates": [
          9.6199835,
          45.605621
        ]
      },
      "properties": {
        "nome": "VERDELLINO",
        "indirizzo": "VIA MARCONI 54",
        "citta": "VERDELLINO",
        "cap": "24040",
        "telefono": "",
        "email": "",
        "web": ""
      }
    },
    {
      "type": "Feature",
      "geometry": {
        "type": "Point",
        "coordinates": [
          9.6303295,
          45.6051394
        ]
      },
      "properties": {
        "nome": "VERDELLO",
        "indirizzo": "P.ZZA ALDO MORO S/N/C ",
        "citta": "VERDELLO",
        "cap": "24049",
        "telefono": "",
        "email": "",
        "web": ""
      }
    },
    {
      "type": "Feature",
      "geometry": {
        "type": "Point",
        "coordinates": [
          10.0833785,
          45.3320479
        ]
      },
      "properties": {
        "nome": "VEROLANUOVA",
        "indirizzo": "VIA LENZI 65",
        "citta": "VEROLANUOVA",
        "cap": "25028",
        "telefono": "",
        "email": "",
        "web": ""
      }
    },
    {
      "type": "Feature",
      "geometry": {
        "type": "Point",
        "coordinates": [
          10.9456619,
          45.3535297
        ]
      },
      "properties": {
        "nome": "VERONA",
        "indirizzo": "VIA CASTELLO 22",
        "citta": "CASTEL D'AZZANO",
        "cap": "37060",
        "telefono": "",
        "email": "",
        "web": ""
      }
    },
    {
      "type": "Feature",
      "geometry": {
        "type": "Point",
        "coordinates": [
          11.3247159,
          45.3207353
        ]
      },
      "properties": {
        "nome": "VERONELLA",
        "indirizzo": "VIA G. MARCONI 47A",
        "citta": "VERONELLA",
        "cap": "37040",
        "telefono": "",
        "email": "",
        "web": ""
      }
    },
    {
      "type": "Feature",
      "geometry": {
        "type": "Point",
        "coordinates": [
          11.1883792,
          45.4197144
        ]
      },
      "properties": {
        "nome": "VESTENANOVA",
        "indirizzo": "VIA ZOVO 53",
        "citta": "VESTENANOVA",
        "cap": "37030",
        "telefono": "",
        "email": "",
        "web": ""
      }
    },
    {
      "type": "Feature",
      "geometry": {
        "type": "Point",
        "coordinates": [
          9.9644422,
          45.6849002
        ]
      },
      "properties": {
        "nome": "VIADANICA",
        "indirizzo": "VIA PAPA GIOVANNI XXIII 3",
        "citta": "VIADANICA",
        "cap": "24060",
        "telefono": "",
        "email": "",
        "web": ""
      }
    },
    {
      "type": "Feature",
      "geometry": {
        "type": "Point",
        "coordinates": [
          10.2493806,
          43.86759
        ]
      },
      "properties": {
        "nome": "VIAREGGIO",
        "indirizzo": "VIA CAVALLOTTI 97",
        "citta": "VIAREGGIO",
        "cap": "55049",
        "telefono": "",
        "email": "",
        "web": ""
      }
    },
    {
      "type": "Feature",
      "geometry": {
        "type": "Point",
        "coordinates": [
          11.5333885,
          45.5544339
        ]
      },
      "properties": {
        "nome": "VICENZA",
        "indirizzo": "VIALE TRENTO 128",
        "citta": "VICENZA",
        "cap": "36100",
        "telefono": "",
        "email": "",
        "web": ""
      }
    },
    {
      "type": "Feature",
      "geometry": {
        "type": "Point",
        "coordinates": [
          11.5354214,
          45.5454787
        ]
      },
      "properties": {
        "nome": "VICENZA 6 CIRCOSCRIZIONE",
        "indirizzo": "VIA TRENTO 128",
        "citta": "VICENZA",
        "cap": "36100",
        "telefono": "",
        "email": "",
        "web": ""
      }
    },
    {
      "type": "Feature",
      "geometry": {
        "type": "Point",
        "coordinates": [
          9.2345518,
          45.2899623
        ]
      },
      "properties": {
        "nome": "VIDIGULFO",
        "indirizzo": "VIA ROMA 148",
        "citta": "VIDIGULFO",
        "cap": "27018",
        "telefono": "",
        "email": "",
        "web": ""
      }
    },
    {
      "type": "Feature",
      "geometry": {
        "type": "Point",
        "coordinates": [
          10.938917,
          45.3156563
        ]
      },
      "properties": {
        "nome": "VIGASIO",
        "indirizzo": "VIA BASSINI 1",
        "citta": "VIGASIO",
        "cap": "37068",
        "telefono": "",
        "email": "",
        "web": ""
      }
    },
    {
      "type": "Feature",
      "geometry": {
        "type": "Point",
        "coordinates": [
          8.8527505,
          45.3097616
        ]
      },
      "properties": {
        "nome": "VIGEVANO",
        "indirizzo": "CORSO GENOVA 33",
        "citta": "VIGEVANO",
        "cap": "27029",
        "telefono": "",
        "email": "",
        "web": ""
      }
    },
    {
      "type": "Feature",
      "geometry": {
        "type": "Point",
        "coordinates": [
          8.9087138,
          45.8720737
        ]
      },
      "properties": {
        "nome": "VIGGIU' ",
        "indirizzo": "VIA ROMA 60",
        "citta": "VIGGIU",
        "cap": "21059",
        "telefono": "",
        "email": "",
        "web": ""
      }
    },
    {
      "type": "Feature",
      "geometry": {
        "type": "Point",
        "coordinates": [
          9.3793184,
          45.4994579
        ]
      },
      "properties": {
        "nome": "VIGNATE",
        "indirizzo": "VIA E. FERMI C/O CDA 39",
        "citta": "VIGNATE",
        "cap": "20060",
        "telefono": "",
        "email": "",
        "web": ""
      }
    },
    {
      "type": "Feature",
      "geometry": {
        "type": "Point",
        "coordinates": [
          10.0221759,
          45.7161511
        ]
      },
      "properties": {
        "nome": "VIGOLO",
        "indirizzo": "VIA ROMA 1",
        "citta": "VIGOLO",
        "cap": "24060",
        "telefono": "",
        "email": "",
        "web": ""
      }
    },
    {
      "type": "Feature",
      "geometry": {
        "type": "Point",
        "coordinates": [
          12.0075948,
          45.3879877
        ]
      },
      "properties": {
        "nome": "VIGONOVO",
        "indirizzo": "VIA DANTE 17",
        "citta": "VIGONOVO",
        "cap": "30030",
        "telefono": "",
        "email": "",
        "web": ""
      }
    },
    {
      "type": "Feature",
      "geometry": {
        "type": "Point",
        "coordinates": [
          9.4660062,
          45.7128016
        ]
      },
      "properties": {
        "nome": "VILLA D'ADDA",
        "indirizzo": "PIAZZALE DONATORI AVIS-AIDO 4/A",
        "citta": "VILLA D ADDA",
        "cap": "24030",
        "telefono": "",
        "email": "",
        "web": ""
      }
    },
    {
      "type": "Feature",
      "geometry": {
        "type": "Point",
        "coordinates": [
          9.6175721,
          45.7457506
        ]
      },
      "properties": {
        "nome": "VILLA D'ALME'",
        "indirizzo": "VIA ALDO MORO 2",
        "citta": "VILLA D ALM?",
        "cap": "24018",
        "telefono": "",
        "email": "",
        "web": ""
      }
    },
    {
      "type": "Feature",
      "geometry": {
        "type": "Point",
        "coordinates": [
          11.1139465,
          45.0003668
        ]
      },
      "properties": {
        "nome": "VILLA POMA",
        "indirizzo": "PIAZZA ROMANO MAZZALI 21 - FRAZ. VILLA POMA ",
        "citta": "VILLA POMA",
        "cap": "46020",
        "telefono": "",
        "email": "",
        "web": ""
      }
    },
    {
      "type": "Feature",
      "geometry": {
        "type": "Point",
        "coordinates": [
          8.7447954,
          39.4642329
        ]
      },
      "properties": {
        "nome": "VILLACIDRO",
        "indirizzo": "VIA GUIDO ROSSA 49",
        "citta": "VILLACIDRO",
        "cap": "09039",
        "telefono": "",
        "email": "",
        "web": ""
      }
    },
    {
      "type": "Feature",
      "geometry": {
        "type": "Point",
        "coordinates": [
          10.8455595,
          45.3504627
        ]
      },
      "properties": {
        "nome": "VILLAFRANCA DI VERONA",
        "indirizzo": "VIA RINALDO DA VILLAFRANCA 9",
        "citta": "VILLAFRANCA",
        "cap": "37069",
        "telefono": "",
        "email": "",
        "web": ""
      }
    },
    {
      "type": "Feature",
      "geometry": {
        "type": "Point",
        "coordinates": [
          11.6926294,
          45.0144684
        ]
      },
      "properties": {
        "nome": "VILLAMARZANA",
        "indirizzo": "VIA CHIESA 1",
        "citta": "VILLAMARZANA",
        "cap": "45030",
        "telefono": "",
        "email": "",
        "web": ""
      }
    },
    {
      "type": "Feature",
      "geometry": {
        "type": "Point",
        "coordinates": [
          11.954577,
          44.9916094
        ]
      },
      "properties": {
        "nome": "VILLANOVA MARCHESANA",
        "indirizzo": "VIA DELLA LIBERTA' 1",
        "citta": "VILLANOVA MARCHESANA",
        "cap": "45030",
        "telefono": "",
        "email": "",
        "web": ""
      }
    },
    {
      "type": "Feature",
      "geometry": {
        "type": "Point",
        "coordinates": [
          10.4567096,
          45.6033468
        ]
      },
      "properties": {
        "nome": "VILLANUOVA SUL CLISI",
        "indirizzo": "VIA BIANCHI  9",
        "citta": "VILLANUOVA SUL CLISI",
        "cap": "25089",
        "telefono": "",
        "email": "",
        "web": ""
      }
    },
    {
      "type": "Feature",
      "geometry": {
        "type": "Point",
        "coordinates": [
          7.2441671,
          44.9247562
        ]
      },
      "properties": {
        "nome": "VILLAR PEROSA",
        "indirizzo": "VIA ASIAGO 5",
        "citta": "VILLAR PEROSA",
        "cap": "10069",
        "telefono": "",
        "email": "",
        "web": ""
      }
    },
    {
      "type": "Feature",
      "geometry": {
        "type": "Point",
        "coordinates": [
          8.4328919,
          45.3880209
        ]
      },
      "properties": {
        "nome": "VILLATA",
        "indirizzo": "CORSO VITTORIO VENETO 64",
        "citta": "VILLATA",
        "cap": "13010",
        "telefono": "",
        "email": "",
        "web": ""
      }
    },
    {
      "type": "Feature",
      "geometry": {
        "type": "Point",
        "coordinates": [
          11.4903311,
          45.6538167
        ]
      },
      "properties": {
        "nome": "VILLAVERLA",
        "indirizzo": "VIA PAPA GIOVANNI XXIII 15",
        "citta": "VILLAVERLA",
        "cap": "36030",
        "telefono": "",
        "email": "",
        "web": ""
      }
    },
    {
      "type": "Feature",
      "geometry": {
        "type": "Point",
        "coordinates": [
          11.0306036,
          45.1450955
        ]
      },
      "properties": {
        "nome": "VILLIMPENTA",
        "indirizzo": "PIAZZA PAPA GIOVANNI XXIII 7",
        "citta": "VILLIMPENTA",
        "cap": "46039",
        "telefono": "",
        "email": "",
        "web": ""
      }
    },
    {
      "type": "Feature",
      "geometry": {
        "type": "Point",
        "coordinates": [
          9.9305369,
          45.6720932
        ]
      },
      "properties": {
        "nome": "VILLONGO",
        "indirizzo": "VIA ROMA 20",
        "citta": "VILLONGO",
        "cap": "24060",
        "telefono": "",
        "email": "",
        "web": ""
      }
    },
    {
      "type": "Feature",
      "geometry": {
        "type": "Point",
        "coordinates": [
          12.2736733,
          45.7032787
        ]
      },
      "properties": {
        "nome": "VILLORBA",
        "indirizzo": "VIA CODETTE-LANCENIGO 6",
        "citta": "VILLORBA",
        "cap": "31050",
        "telefono": "",
        "email": "",
        "web": ""
      }
    },
    {
      "type": "Feature",
      "geometry": {
        "type": "Point",
        "coordinates": [
          9.3704994,
          45.6133771
        ]
      },
      "properties": {
        "nome": "VIMERCATE ",
        "indirizzo": "VIA PAPA GIOVANNI XXIII 13",
        "citta": "VIMERCATE",
        "cap": "20871",
        "telefono": "",
        "email": "",
        "web": ""
      }
    },
    {
      "type": "Feature",
      "geometry": {
        "type": "Point",
        "coordinates": [
          8.949015,
          45.4904985
        ]
      },
      "properties": {
        "nome": "VITTUONE",
        "indirizzo": "VIA VOLONTARI DELLE LIBERTA' 12",
        "citta": "VITTUONE",
        "cap": "20010",
        "telefono": "",
        "email": "",
        "web": ""
      }
    },
    {
      "type": "Feature",
      "geometry": {
        "type": "Point",
        "coordinates": [
          9.0153047,
          44.9957687
        ]
      },
      "properties": {
        "nome": "VOGHERA",
        "indirizzo": "VIA EMILIA 259",
        "citta": "VOGHERA",
        "cap": "27058",
        "telefono": "",
        "email": "",
        "web": ""
      }
    },
    {
      "type": "Feature",
      "geometry": {
        "type": "Point",
        "coordinates": [
          7.7758031,
          45.2012489
        ]
      },
      "properties": {
        "nome": "VOLPIANO",
        "indirizzo": "PIAZZA AMEDEO DI SAVOIA 8",
        "citta": "VOLPIANO",
        "cap": "10088",
        "telefono": "",
        "email": "",
        "web": ""
      }
    },
    {
      "type": "Feature",
      "geometry": {
        "type": "Point",
        "coordinates": [
          10.660481,
          45.322013
        ]
      },
      "properties": {
        "nome": "VOLTA MANTOVANA",
        "indirizzo": "VIA CUSTOZA 6",
        "citta": "VOLTA MANTOVANA",
        "cap": "46049",
        "telefono": "",
        "email": "",
        "web": ""
      }
    },
    {
      "type": "Feature",
      "geometry": {
        "type": "Point",
        "coordinates": [
          11.457185,
          45.722038
        ]
      },
      "properties": {
        "nome": "ZANE'",
        "indirizzo": "PIAZZALE ALDO MORO 5",
        "citta": "ZANE'",
        "cap": "36010",
        "telefono": "",
        "email": "",
        "web": ""
      }
    },
    {
      "type": "Feature",
      "geometry": {
        "type": "Point",
        "coordinates": [
          9.6843797,
          45.6401519
        ]
      },
      "properties": {
        "nome": "ZANICA",
        "indirizzo": "PIAZZA REPUBBLICA C/O CENTRO SOCIO CULTURALE ",
        "citta": "ZANICA",
        "cap": "24050",
        "telefono": "",
        "email": "",
        "web": ""
      }
    },
    {
      "type": "Feature",
      "geometry": {
        "type": "Point",
        "coordinates": [
          12.49284,
          45.67765
        ]
      },
      "properties": {
        "nome": "ZENSON DI PIAVE",
        "indirizzo": "VIA G. BADINI 36",
        "citta": "ZENSON DI PIAVE",
        "cap": "31050",
        "telefono": "",
        "email": "",
        "web": ""
      }
    },
    {
      "type": "Feature",
      "geometry": {
        "type": "Point",
        "coordinates": [
          12.172068,
          45.5889576
        ]
      },
      "properties": {
        "nome": "ZERO BRANCO",
        "indirizzo": "VIA MILAN C/O LABRALATO ARDOINO 18",
        "citta": "ZERO BRANCO",
        "cap": "31059",
        "telefono": "",
        "email": "",
        "web": ""
      }
    },
    {
      "type": "Feature",
      "geometry": {
        "type": "Point",
        "coordinates": [
          9.6593277,
          45.7933182
        ]
      },
      "properties": {
        "nome": "ZOGNO",
        "indirizzo": "PIAZZA GUGLIELMO MARCONI 7",
        "citta": "ZOGNO",
        "cap": "24019",
        "telefono": "",
        "email": "",
        "web": ""
      }
    }
  ]
}